"","SubNum","DF","Tones","TactCond","seg"
"1","Sub001","df4","ABA","Tact  A",0
"2","Sub001","df4","ABA","Tact  A",1
"3","Sub001","df4","ABA","Tact  A",0
"4","Sub001","df4","ABA","Tact  A",0
"5","Sub001","df4","ABA","Tact  A",0
"6","Sub001","df4","ABA","Tact  A",0
"7","Sub001","df4","ABA","Tact  A",1
"8","Sub001","df4","ABA","Tact  A",0
"9","Sub001","df4","ABA","Tact  A",1
"10","Sub001","df4","ABA","Tact  A",1
"11","Sub001","df4","ABA","Tact  A",1
"12","Sub001","df4","ABA","Tact  A",1
"13","Sub001","df4","ABA","Tact  A",1
"14","Sub001","df4","ABA","Tact  A",1
"15","Sub001","df4","ABA","Tact  A",0
"16","Sub001","df4","ABA","Tact  A",0
"17","Sub001","df4","ABA","Tact  A",0
"18","Sub001","df4","ABA","Tact  A",0
"19","Sub001","df4","ABA","Tact  A",0
"20","Sub001","df4","ABA","Tact  A",0
"21","Sub001","df4","ABA","Tact  A",0
"22","Sub001","df4","ABA","Tact  A",0
"23","Sub001","df4","ABA","Tact  A",0
"24","Sub001","df4","ABA","Tact  A",0
"25","Sub001","df4","ABA","Tact  A",1
"26","Sub001","df4","ABA","Tact  A",1
"27","Sub001","df4","ABA","Tact  A",1
"28","Sub001","df4","ABA","Tact  A",0
"29","Sub001","df4","ABA","Tact  A",0
"30","Sub001","df4","ABA","Tact  A",1
"31","Sub001","df4","ABA","Tact  A",0
"32","Sub001","df4","ABA","Tact  A",1
"33","Sub001","df4","ABA","Tact  A",0
"34","Sub001","df4","ABA","Tact  A",1
"35","Sub001","df4","ABA","Tact  A",1
"36","Sub001","df4","ABA","Tact  A",0
"37","Sub001","df4","ABA","Tact  A",0
"38","Sub001","df4","ABA","Tact  A",1
"39","Sub001","df4","ABA","Tact  A",1
"40","Sub001","df4","ABA","Tact  A",1
"41","Sub001","df4","ABA","TactABA",0
"42","Sub001","df4","ABA","TactABA",0
"43","Sub001","df4","ABA","TactABA",0
"44","Sub001","df4","ABA","TactABA",0
"45","Sub001","df4","ABA","TactABA",0
"46","Sub001","df4","ABA","TactABA",0
"47","Sub001","df4","ABA","TactABA",0
"48","Sub001","df4","ABA","TactABA",0
"49","Sub001","df4","ABA","TactABA",0
"50","Sub001","df4","ABA","TactABA",0
"51","Sub001","df4","ABA","TactABA",0
"52","Sub001","df4","ABA","TactABA",1
"53","Sub001","df4","ABA","TactABA",0
"54","Sub001","df4","ABA","TactABA",0
"55","Sub001","df4","ABA","TactABA",0
"56","Sub001","df4","ABA","TactABA",0
"57","Sub001","df4","ABA","TactABA",0
"58","Sub001","df4","ABA","TactABA",0
"59","Sub001","df4","ABA","TactABA",1
"60","Sub001","df4","ABA","TactABA",1
"61","Sub001","df4","ABA","TactABA",1
"62","Sub001","df4","ABA","TactABA",0
"63","Sub001","df4","ABA","TactABA",0
"64","Sub001","df4","ABA","TactABA",0
"65","Sub001","df4","ABA","TactABA",1
"66","Sub001","df4","ABA","TactABA",0
"67","Sub001","df4","ABA","TactABA",0
"68","Sub001","df4","ABA","TactABA",0
"69","Sub001","df4","ABA","TactABA",0
"70","Sub001","df4","ABA","TactABA",0
"71","Sub001","df4","ABA","TactABA",1
"72","Sub001","df4","ABA","TactABA",0
"73","Sub001","df4","ABA","TactABA",1
"74","Sub001","df4","ABA","TactABA",0
"75","Sub001","df4","ABA","TactABA",0
"76","Sub001","df4","ABA","TactABA",0
"77","Sub001","df4","ABA","TactABA",0
"78","Sub001","df4","ABA","TactABA",0
"79","Sub001","df4","ABA","TactABA",1
"80","Sub001","df4","ABA","TactABA",0
"81","Sub001","df4","ABA","TactOff",1
"82","Sub001","df4","ABA","TactOff",0
"83","Sub001","df4","ABA","TactOff",0
"84","Sub001","df4","ABA","TactOff",0
"85","Sub001","df4","ABA","TactOff",1
"86","Sub001","df4","ABA","TactOff",0
"87","Sub001","df4","ABA","TactOff",1
"88","Sub001","df4","ABA","TactOff",0
"89","Sub001","df4","ABA","TactOff",0
"90","Sub001","df4","ABA","TactOff",0
"91","Sub001","df4","ABA","TactOff",0
"92","Sub001","df4","ABA","TactOff",0
"93","Sub001","df4","ABA","TactOff",0
"94","Sub001","df4","ABA","TactOff",0
"95","Sub001","df4","ABA","TactOff",0
"96","Sub001","df4","ABA","TactOff",0
"97","Sub001","df4","ABA","TactOff",0
"98","Sub001","df4","ABA","TactOff",0
"99","Sub001","df4","ABA","TactOff",0
"100","Sub001","df4","ABA","TactOff",0
"101","Sub001","df4","ABA","TactOff",1
"102","Sub001","df4","ABA","TactOff",0
"103","Sub001","df4","ABA","TactOff",0
"104","Sub001","df4","ABA","TactOff",0
"105","Sub001","df4","ABA","TactOff",1
"106","Sub001","df4","ABA","TactOff",0
"107","Sub001","df4","ABA","TactOff",1
"108","Sub001","df4","ABA","TactOff",0
"109","Sub001","df4","ABA","TactOff",0
"110","Sub001","df4","ABA","TactOff",0
"111","Sub001","df4","ABA","TactOff",0
"112","Sub001","df4","ABA","TactOff",0
"113","Sub001","df4","ABA","TactOff",0
"114","Sub001","df4","ABA","TactOff",0
"115","Sub001","df4","ABA","TactOff",0
"116","Sub001","df4","ABA","TactOff",0
"117","Sub001","df4","ABA","TactOff",0
"118","Sub001","df4","ABA","TactOff",0
"119","Sub001","df4","ABA","TactOff",0
"120","Sub001","df4","ABA","TactOff",0
"121","Sub001","df4","ABA","Tact B ",0
"122","Sub001","df4","ABA","Tact B ",0
"123","Sub001","df4","ABA","Tact B ",0
"124","Sub001","df4","ABA","Tact B ",0
"125","Sub001","df4","ABA","Tact B ",0
"126","Sub001","df4","ABA","Tact B ",0
"127","Sub001","df4","ABA","Tact B ",1
"128","Sub001","df4","ABA","Tact B ",0
"129","Sub001","df4","ABA","Tact B ",0
"130","Sub001","df4","ABA","Tact B ",1
"131","Sub001","df4","ABA","Tact B ",0
"132","Sub001","df4","ABA","Tact B ",1
"133","Sub001","df4","ABA","Tact B ",1
"134","Sub001","df4","ABA","Tact B ",0
"135","Sub001","df4","ABA","Tact B ",0
"136","Sub001","df4","ABA","Tact B ",0
"137","Sub001","df4","ABA","Tact B ",0
"138","Sub001","df4","ABA","Tact B ",0
"139","Sub001","df4","ABA","Tact B ",0
"140","Sub001","df4","ABA","Tact B ",0
"141","Sub001","df4","ABA","Tact B ",0
"142","Sub001","df4","ABA","Tact B ",1
"143","Sub001","df4","ABA","Tact B ",0
"144","Sub001","df4","ABA","Tact B ",0
"145","Sub001","df4","ABA","Tact B ",0
"146","Sub001","df4","ABA","Tact B ",1
"147","Sub001","df4","ABA","Tact B ",1
"148","Sub001","df4","ABA","Tact B ",0
"149","Sub001","df4","ABA","Tact B ",0
"150","Sub001","df4","ABA","Tact B ",1
"151","Sub001","df4","ABA","Tact B ",1
"152","Sub001","df4","ABA","Tact B ",0
"153","Sub001","df4","ABA","Tact B ",1
"154","Sub001","df4","ABA","Tact B ",1
"155","Sub001","df4","ABA","Tact B ",0
"156","Sub001","df4","ABA","Tact B ",0
"157","Sub001","df4","ABA","Tact B ",0
"158","Sub001","df4","ABA","Tact B ",0
"159","Sub001","df4","ABA","Tact B ",1
"160","Sub001","df4","ABA","Tact B ",1
"321","Sub002","df4","ABA","Tact  A",1
"322","Sub002","df4","ABA","Tact  A",1
"323","Sub002","df4","ABA","Tact  A",0
"324","Sub002","df4","ABA","Tact  A",1
"325","Sub002","df4","ABA","Tact  A",1
"326","Sub002","df4","ABA","Tact  A",0
"327","Sub002","df4","ABA","Tact  A",0
"328","Sub002","df4","ABA","Tact  A",0
"329","Sub002","df4","ABA","Tact  A",0
"330","Sub002","df4","ABA","Tact  A",0
"331","Sub002","df4","ABA","Tact  A",1
"332","Sub002","df4","ABA","Tact  A",1
"333","Sub002","df4","ABA","Tact  A",0
"334","Sub002","df4","ABA","Tact  A",1
"335","Sub002","df4","ABA","Tact  A",0
"336","Sub002","df4","ABA","Tact  A",1
"337","Sub002","df4","ABA","Tact  A",1
"338","Sub002","df4","ABA","Tact  A",1
"339","Sub002","df4","ABA","Tact  A",1
"340","Sub002","df4","ABA","Tact  A",1
"341","Sub002","df4","ABA","Tact  A",0
"342","Sub002","df4","ABA","Tact  A",0
"343","Sub002","df4","ABA","Tact  A",0
"344","Sub002","df4","ABA","Tact  A",0
"345","Sub002","df4","ABA","Tact  A",0
"346","Sub002","df4","ABA","Tact  A",0
"347","Sub002","df4","ABA","Tact  A",0
"348","Sub002","df4","ABA","Tact  A",0
"349","Sub002","df4","ABA","Tact  A",0
"350","Sub002","df4","ABA","Tact  A",0
"351","Sub002","df4","ABA","Tact  A",1
"352","Sub002","df4","ABA","Tact  A",1
"353","Sub002","df4","ABA","Tact  A",1
"354","Sub002","df4","ABA","Tact  A",0
"355","Sub002","df4","ABA","Tact  A",1
"356","Sub002","df4","ABA","Tact  A",0
"357","Sub002","df4","ABA","Tact  A",1
"358","Sub002","df4","ABA","Tact  A",1
"359","Sub002","df4","ABA","Tact  A",1
"360","Sub002","df4","ABA","Tact  A",1
"361","Sub002","df4","ABA","TactABA",0
"362","Sub002","df4","ABA","TactABA",1
"363","Sub002","df4","ABA","TactABA",1
"364","Sub002","df4","ABA","TactABA",0
"365","Sub002","df4","ABA","TactABA",1
"366","Sub002","df4","ABA","TactABA",0
"367","Sub002","df4","ABA","TactABA",0
"368","Sub002","df4","ABA","TactABA",0
"369","Sub002","df4","ABA","TactABA",0
"370","Sub002","df4","ABA","TactABA",0
"371","Sub002","df4","ABA","TactABA",1
"372","Sub002","df4","ABA","TactABA",1
"373","Sub002","df4","ABA","TactABA",1
"374","Sub002","df4","ABA","TactABA",0
"375","Sub002","df4","ABA","TactABA",0
"376","Sub002","df4","ABA","TactABA",0
"377","Sub002","df4","ABA","TactABA",1
"378","Sub002","df4","ABA","TactABA",0
"379","Sub002","df4","ABA","TactABA",1
"380","Sub002","df4","ABA","TactABA",1
"381","Sub002","df4","ABA","TactABA",1
"382","Sub002","df4","ABA","TactABA",0
"383","Sub002","df4","ABA","TactABA",1
"384","Sub002","df4","ABA","TactABA",1
"385","Sub002","df4","ABA","TactABA",0
"386","Sub002","df4","ABA","TactABA",0
"387","Sub002","df4","ABA","TactABA",0
"388","Sub002","df4","ABA","TactABA",0
"389","Sub002","df4","ABA","TactABA",1
"390","Sub002","df4","ABA","TactABA",0
"391","Sub002","df4","ABA","TactABA",1
"392","Sub002","df4","ABA","TactABA",1
"393","Sub002","df4","ABA","TactABA",0
"394","Sub002","df4","ABA","TactABA",1
"395","Sub002","df4","ABA","TactABA",0
"396","Sub002","df4","ABA","TactABA",0
"397","Sub002","df4","ABA","TactABA",1
"398","Sub002","df4","ABA","TactABA",0
"399","Sub002","df4","ABA","TactABA",1
"400","Sub002","df4","ABA","TactABA",0
"401","Sub002","df4","ABA","TactOff",1
"402","Sub002","df4","ABA","TactOff",0
"403","Sub002","df4","ABA","TactOff",1
"404","Sub002","df4","ABA","TactOff",0
"405","Sub002","df4","ABA","TactOff",1
"406","Sub002","df4","ABA","TactOff",1
"407","Sub002","df4","ABA","TactOff",0
"408","Sub002","df4","ABA","TactOff",0
"409","Sub002","df4","ABA","TactOff",0
"410","Sub002","df4","ABA","TactOff",0
"411","Sub002","df4","ABA","TactOff",1
"412","Sub002","df4","ABA","TactOff",1
"413","Sub002","df4","ABA","TactOff",1
"414","Sub002","df4","ABA","TactOff",1
"415","Sub002","df4","ABA","TactOff",1
"416","Sub002","df4","ABA","TactOff",1
"417","Sub002","df4","ABA","TactOff",1
"418","Sub002","df4","ABA","TactOff",0
"419","Sub002","df4","ABA","TactOff",0
"420","Sub002","df4","ABA","TactOff",0
"421","Sub002","df4","ABA","TactOff",1
"422","Sub002","df4","ABA","TactOff",0
"423","Sub002","df4","ABA","TactOff",1
"424","Sub002","df4","ABA","TactOff",0
"425","Sub002","df4","ABA","TactOff",1
"426","Sub002","df4","ABA","TactOff",1
"427","Sub002","df4","ABA","TactOff",0
"428","Sub002","df4","ABA","TactOff",0
"429","Sub002","df4","ABA","TactOff",0
"430","Sub002","df4","ABA","TactOff",0
"431","Sub002","df4","ABA","TactOff",1
"432","Sub002","df4","ABA","TactOff",1
"433","Sub002","df4","ABA","TactOff",1
"434","Sub002","df4","ABA","TactOff",1
"435","Sub002","df4","ABA","TactOff",1
"436","Sub002","df4","ABA","TactOff",1
"437","Sub002","df4","ABA","TactOff",1
"438","Sub002","df4","ABA","TactOff",0
"439","Sub002","df4","ABA","TactOff",0
"440","Sub002","df4","ABA","TactOff",0
"441","Sub002","df4","ABA","Tact B ",0
"442","Sub002","df4","ABA","Tact B ",1
"443","Sub002","df4","ABA","Tact B ",0
"444","Sub002","df4","ABA","Tact B ",1
"445","Sub002","df4","ABA","Tact B ",1
"446","Sub002","df4","ABA","Tact B ",0
"447","Sub002","df4","ABA","Tact B ",0
"448","Sub002","df4","ABA","Tact B ",0
"449","Sub002","df4","ABA","Tact B ",0
"450","Sub002","df4","ABA","Tact B ",0
"451","Sub002","df4","ABA","Tact B ",1
"452","Sub002","df4","ABA","Tact B ",1
"453","Sub002","df4","ABA","Tact B ",1
"454","Sub002","df4","ABA","Tact B ",1
"455","Sub002","df4","ABA","Tact B ",0
"456","Sub002","df4","ABA","Tact B ",0
"457","Sub002","df4","ABA","Tact B ",1
"458","Sub002","df4","ABA","Tact B ",0
"459","Sub002","df4","ABA","Tact B ",0
"460","Sub002","df4","ABA","Tact B ",0
"461","Sub002","df4","ABA","Tact B ",0
"462","Sub002","df4","ABA","Tact B ",0
"463","Sub002","df4","ABA","Tact B ",0
"464","Sub002","df4","ABA","Tact B ",0
"465","Sub002","df4","ABA","Tact B ",0
"466","Sub002","df4","ABA","Tact B ",1
"467","Sub002","df4","ABA","Tact B ",0
"468","Sub002","df4","ABA","Tact B ",0
"469","Sub002","df4","ABA","Tact B ",0
"470","Sub002","df4","ABA","Tact B ",1
"471","Sub002","df4","ABA","Tact B ",1
"472","Sub002","df4","ABA","Tact B ",1
"473","Sub002","df4","ABA","Tact B ",1
"474","Sub002","df4","ABA","Tact B ",1
"475","Sub002","df4","ABA","Tact B ",0
"476","Sub002","df4","ABA","Tact B ",0
"477","Sub002","df4","ABA","Tact B ",1
"478","Sub002","df4","ABA","Tact B ",0
"479","Sub002","df4","ABA","Tact B ",1
"480","Sub002","df4","ABA","Tact B ",1
"641","Sub003","df4","ABA","Tact  A",0
"642","Sub003","df4","ABA","Tact  A",0
"643","Sub003","df4","ABA","Tact  A",1
"644","Sub003","df4","ABA","Tact  A",0
"645","Sub003","df4","ABA","Tact  A",1
"646","Sub003","df4","ABA","Tact  A",0
"647","Sub003","df4","ABA","Tact  A",0
"648","Sub003","df4","ABA","Tact  A",0
"649","Sub003","df4","ABA","Tact  A",1
"650","Sub003","df4","ABA","Tact  A",1
"651","Sub003","df4","ABA","Tact  A",1
"652","Sub003","df4","ABA","Tact  A",1
"653","Sub003","df4","ABA","Tact  A",1
"654","Sub003","df4","ABA","Tact  A",1
"655","Sub003","df4","ABA","Tact  A",1
"656","Sub003","df4","ABA","Tact  A",0
"657","Sub003","df4","ABA","Tact  A",1
"658","Sub003","df4","ABA","Tact  A",1
"659","Sub003","df4","ABA","Tact  A",1
"660","Sub003","df4","ABA","Tact  A",1
"661","Sub003","df4","ABA","Tact  A",0
"662","Sub003","df4","ABA","Tact  A",0
"663","Sub003","df4","ABA","Tact  A",0
"664","Sub003","df4","ABA","Tact  A",0
"665","Sub003","df4","ABA","Tact  A",0
"666","Sub003","df4","ABA","Tact  A",1
"667","Sub003","df4","ABA","Tact  A",0
"668","Sub003","df4","ABA","Tact  A",0
"669","Sub003","df4","ABA","Tact  A",1
"670","Sub003","df4","ABA","Tact  A",1
"671","Sub003","df4","ABA","Tact  A",1
"672","Sub003","df4","ABA","Tact  A",1
"673","Sub003","df4","ABA","Tact  A",1
"674","Sub003","df4","ABA","Tact  A",1
"675","Sub003","df4","ABA","Tact  A",1
"676","Sub003","df4","ABA","Tact  A",1
"677","Sub003","df4","ABA","Tact  A",1
"678","Sub003","df4","ABA","Tact  A",0
"679","Sub003","df4","ABA","Tact  A",1
"680","Sub003","df4","ABA","Tact  A",1
"681","Sub003","df4","ABA","TactABA",0
"682","Sub003","df4","ABA","TactABA",0
"683","Sub003","df4","ABA","TactABA",0
"684","Sub003","df4","ABA","TactABA",0
"685","Sub003","df4","ABA","TactABA",0
"686","Sub003","df4","ABA","TactABA",0
"687","Sub003","df4","ABA","TactABA",0
"688","Sub003","df4","ABA","TactABA",0
"689","Sub003","df4","ABA","TactABA",0
"690","Sub003","df4","ABA","TactABA",1
"691","Sub003","df4","ABA","TactABA",1
"692","Sub003","df4","ABA","TactABA",1
"693","Sub003","df4","ABA","TactABA",1
"694","Sub003","df4","ABA","TactABA",0
"695","Sub003","df4","ABA","TactABA",0
"696","Sub003","df4","ABA","TactABA",0
"697","Sub003","df4","ABA","TactABA",0
"698","Sub003","df4","ABA","TactABA",0
"699","Sub003","df4","ABA","TactABA",0
"700","Sub003","df4","ABA","TactABA",0
"701","Sub003","df4","ABA","TactABA",0
"702","Sub003","df4","ABA","TactABA",1
"703","Sub003","df4","ABA","TactABA",0
"704","Sub003","df4","ABA","TactABA",0
"705","Sub003","df4","ABA","TactABA",0
"706","Sub003","df4","ABA","TactABA",0
"707","Sub003","df4","ABA","TactABA",1
"708","Sub003","df4","ABA","TactABA",0
"709","Sub003","df4","ABA","TactABA",0
"710","Sub003","df4","ABA","TactABA",0
"711","Sub003","df4","ABA","TactABA",1
"712","Sub003","df4","ABA","TactABA",1
"713","Sub003","df4","ABA","TactABA",1
"714","Sub003","df4","ABA","TactABA",0
"715","Sub003","df4","ABA","TactABA",0
"716","Sub003","df4","ABA","TactABA",0
"717","Sub003","df4","ABA","TactABA",0
"718","Sub003","df4","ABA","TactABA",0
"719","Sub003","df4","ABA","TactABA",0
"720","Sub003","df4","ABA","TactABA",0
"721","Sub003","df4","ABA","TactOff",0
"722","Sub003","df4","ABA","TactOff",0
"723","Sub003","df4","ABA","TactOff",0
"724","Sub003","df4","ABA","TactOff",0
"725","Sub003","df4","ABA","TactOff",0
"726","Sub003","df4","ABA","TactOff",0
"727","Sub003","df4","ABA","TactOff",0
"728","Sub003","df4","ABA","TactOff",0
"729","Sub003","df4","ABA","TactOff",0
"730","Sub003","df4","ABA","TactOff",1
"731","Sub003","df4","ABA","TactOff",1
"732","Sub003","df4","ABA","TactOff",1
"733","Sub003","df4","ABA","TactOff",1
"734","Sub003","df4","ABA","TactOff",1
"735","Sub003","df4","ABA","TactOff",1
"736","Sub003","df4","ABA","TactOff",0
"737","Sub003","df4","ABA","TactOff",1
"738","Sub003","df4","ABA","TactOff",0
"739","Sub003","df4","ABA","TactOff",0
"740","Sub003","df4","ABA","TactOff",1
"741","Sub003","df4","ABA","TactOff",0
"742","Sub003","df4","ABA","TactOff",0
"743","Sub003","df4","ABA","TactOff",0
"744","Sub003","df4","ABA","TactOff",0
"745","Sub003","df4","ABA","TactOff",0
"746","Sub003","df4","ABA","TactOff",0
"747","Sub003","df4","ABA","TactOff",0
"748","Sub003","df4","ABA","TactOff",0
"749","Sub003","df4","ABA","TactOff",0
"750","Sub003","df4","ABA","TactOff",1
"751","Sub003","df4","ABA","TactOff",1
"752","Sub003","df4","ABA","TactOff",1
"753","Sub003","df4","ABA","TactOff",1
"754","Sub003","df4","ABA","TactOff",1
"755","Sub003","df4","ABA","TactOff",1
"756","Sub003","df4","ABA","TactOff",0
"757","Sub003","df4","ABA","TactOff",1
"758","Sub003","df4","ABA","TactOff",0
"759","Sub003","df4","ABA","TactOff",0
"760","Sub003","df4","ABA","TactOff",1
"761","Sub003","df4","ABA","Tact B ",0
"762","Sub003","df4","ABA","Tact B ",0
"763","Sub003","df4","ABA","Tact B ",0
"764","Sub003","df4","ABA","Tact B ",0
"765","Sub003","df4","ABA","Tact B ",0
"766","Sub003","df4","ABA","Tact B ",0
"767","Sub003","df4","ABA","Tact B ",0
"768","Sub003","df4","ABA","Tact B ",0
"769","Sub003","df4","ABA","Tact B ",1
"770","Sub003","df4","ABA","Tact B ",1
"771","Sub003","df4","ABA","Tact B ",1
"772","Sub003","df4","ABA","Tact B ",1
"773","Sub003","df4","ABA","Tact B ",1
"774","Sub003","df4","ABA","Tact B ",1
"775","Sub003","df4","ABA","Tact B ",1
"776","Sub003","df4","ABA","Tact B ",1
"777","Sub003","df4","ABA","Tact B ",1
"778","Sub003","df4","ABA","Tact B ",1
"779","Sub003","df4","ABA","Tact B ",0
"780","Sub003","df4","ABA","Tact B ",0
"781","Sub003","df4","ABA","Tact B ",0
"782","Sub003","df4","ABA","Tact B ",0
"783","Sub003","df4","ABA","Tact B ",0
"784","Sub003","df4","ABA","Tact B ",0
"785","Sub003","df4","ABA","Tact B ",0
"786","Sub003","df4","ABA","Tact B ",0
"787","Sub003","df4","ABA","Tact B ",0
"788","Sub003","df4","ABA","Tact B ",0
"789","Sub003","df4","ABA","Tact B ",1
"790","Sub003","df4","ABA","Tact B ",1
"791","Sub003","df4","ABA","Tact B ",1
"792","Sub003","df4","ABA","Tact B ",1
"793","Sub003","df4","ABA","Tact B ",1
"794","Sub003","df4","ABA","Tact B ",1
"795","Sub003","df4","ABA","Tact B ",1
"796","Sub003","df4","ABA","Tact B ",1
"797","Sub003","df4","ABA","Tact B ",0
"798","Sub003","df4","ABA","Tact B ",1
"799","Sub003","df4","ABA","Tact B ",0
"800","Sub003","df4","ABA","Tact B ",1
"961","Sub004","df4","ABA","Tact  A",1
"962","Sub004","df4","ABA","Tact  A",1
"963","Sub004","df4","ABA","Tact  A",1
"964","Sub004","df4","ABA","Tact  A",1
"965","Sub004","df4","ABA","Tact  A",1
"966","Sub004","df4","ABA","Tact  A",1
"967","Sub004","df4","ABA","Tact  A",0
"968","Sub004","df4","ABA","Tact  A",0
"969","Sub004","df4","ABA","Tact  A",1
"970","Sub004","df4","ABA","Tact  A",1
"971","Sub004","df4","ABA","Tact  A",0
"972","Sub004","df4","ABA","Tact  A",0
"973","Sub004","df4","ABA","Tact  A",0
"974","Sub004","df4","ABA","Tact  A",1
"975","Sub004","df4","ABA","Tact  A",1
"976","Sub004","df4","ABA","Tact  A",1
"977","Sub004","df4","ABA","Tact  A",1
"978","Sub004","df4","ABA","Tact  A",1
"979","Sub004","df4","ABA","Tact  A",1
"980","Sub004","df4","ABA","Tact  A",0
"981","Sub004","df4","ABA","Tact  A",1
"982","Sub004","df4","ABA","Tact  A",1
"983","Sub004","df4","ABA","Tact  A",0
"984","Sub004","df4","ABA","Tact  A",1
"985","Sub004","df4","ABA","Tact  A",1
"986","Sub004","df4","ABA","Tact  A",1
"987","Sub004","df4","ABA","Tact  A",1
"988","Sub004","df4","ABA","Tact  A",1
"989","Sub004","df4","ABA","Tact  A",1
"990","Sub004","df4","ABA","Tact  A",1
"991","Sub004","df4","ABA","Tact  A",1
"992","Sub004","df4","ABA","Tact  A",0
"993","Sub004","df4","ABA","Tact  A",0
"994","Sub004","df4","ABA","Tact  A",0
"995","Sub004","df4","ABA","Tact  A",1
"996","Sub004","df4","ABA","Tact  A",1
"997","Sub004","df4","ABA","Tact  A",1
"998","Sub004","df4","ABA","Tact  A",1
"999","Sub004","df4","ABA","Tact  A",1
"1000","Sub004","df4","ABA","Tact  A",1
"1001","Sub004","df4","ABA","TactABA",1
"1002","Sub004","df4","ABA","TactABA",1
"1003","Sub004","df4","ABA","TactABA",1
"1004","Sub004","df4","ABA","TactABA",0
"1005","Sub004","df4","ABA","TactABA",0
"1006","Sub004","df4","ABA","TactABA",0
"1007","Sub004","df4","ABA","TactABA",0
"1008","Sub004","df4","ABA","TactABA",0
"1009","Sub004","df4","ABA","TactABA",1
"1010","Sub004","df4","ABA","TactABA",0
"1011","Sub004","df4","ABA","TactABA",0
"1012","Sub004","df4","ABA","TactABA",0
"1013","Sub004","df4","ABA","TactABA",0
"1014","Sub004","df4","ABA","TactABA",0
"1015","Sub004","df4","ABA","TactABA",1
"1016","Sub004","df4","ABA","TactABA",1
"1017","Sub004","df4","ABA","TactABA",1
"1018","Sub004","df4","ABA","TactABA",1
"1019","Sub004","df4","ABA","TactABA",1
"1020","Sub004","df4","ABA","TactABA",0
"1021","Sub004","df4","ABA","TactABA",0
"1022","Sub004","df4","ABA","TactABA",0
"1023","Sub004","df4","ABA","TactABA",0
"1024","Sub004","df4","ABA","TactABA",1
"1025","Sub004","df4","ABA","TactABA",0
"1026","Sub004","df4","ABA","TactABA",0
"1027","Sub004","df4","ABA","TactABA",1
"1028","Sub004","df4","ABA","TactABA",0
"1029","Sub004","df4","ABA","TactABA",0
"1030","Sub004","df4","ABA","TactABA",1
"1031","Sub004","df4","ABA","TactABA",0
"1032","Sub004","df4","ABA","TactABA",0
"1033","Sub004","df4","ABA","TactABA",0
"1034","Sub004","df4","ABA","TactABA",0
"1035","Sub004","df4","ABA","TactABA",1
"1036","Sub004","df4","ABA","TactABA",1
"1037","Sub004","df4","ABA","TactABA",1
"1038","Sub004","df4","ABA","TactABA",1
"1039","Sub004","df4","ABA","TactABA",1
"1040","Sub004","df4","ABA","TactABA",0
"1041","Sub004","df4","ABA","TactOff",1
"1042","Sub004","df4","ABA","TactOff",0
"1043","Sub004","df4","ABA","TactOff",1
"1044","Sub004","df4","ABA","TactOff",0
"1045","Sub004","df4","ABA","TactOff",0
"1046","Sub004","df4","ABA","TactOff",0
"1047","Sub004","df4","ABA","TactOff",0
"1048","Sub004","df4","ABA","TactOff",0
"1049","Sub004","df4","ABA","TactOff",0
"1050","Sub004","df4","ABA","TactOff",0
"1051","Sub004","df4","ABA","TactOff",1
"1052","Sub004","df4","ABA","TactOff",0
"1053","Sub004","df4","ABA","TactOff",0
"1054","Sub004","df4","ABA","TactOff",0
"1055","Sub004","df4","ABA","TactOff",1
"1056","Sub004","df4","ABA","TactOff",1
"1057","Sub004","df4","ABA","TactOff",1
"1058","Sub004","df4","ABA","TactOff",1
"1059","Sub004","df4","ABA","TactOff",1
"1060","Sub004","df4","ABA","TactOff",0
"1061","Sub004","df4","ABA","TactOff",1
"1062","Sub004","df4","ABA","TactOff",0
"1063","Sub004","df4","ABA","TactOff",1
"1064","Sub004","df4","ABA","TactOff",0
"1065","Sub004","df4","ABA","TactOff",0
"1066","Sub004","df4","ABA","TactOff",0
"1067","Sub004","df4","ABA","TactOff",0
"1068","Sub004","df4","ABA","TactOff",0
"1069","Sub004","df4","ABA","TactOff",0
"1070","Sub004","df4","ABA","TactOff",0
"1071","Sub004","df4","ABA","TactOff",1
"1072","Sub004","df4","ABA","TactOff",0
"1073","Sub004","df4","ABA","TactOff",0
"1074","Sub004","df4","ABA","TactOff",0
"1075","Sub004","df4","ABA","TactOff",1
"1076","Sub004","df4","ABA","TactOff",1
"1077","Sub004","df4","ABA","TactOff",1
"1078","Sub004","df4","ABA","TactOff",1
"1079","Sub004","df4","ABA","TactOff",1
"1080","Sub004","df4","ABA","TactOff",0
"1081","Sub004","df4","ABA","Tact B ",1
"1082","Sub004","df4","ABA","Tact B ",1
"1083","Sub004","df4","ABA","Tact B ",1
"1084","Sub004","df4","ABA","Tact B ",1
"1085","Sub004","df4","ABA","Tact B ",0
"1086","Sub004","df4","ABA","Tact B ",1
"1087","Sub004","df4","ABA","Tact B ",0
"1088","Sub004","df4","ABA","Tact B ",0
"1089","Sub004","df4","ABA","Tact B ",1
"1090","Sub004","df4","ABA","Tact B ",1
"1091","Sub004","df4","ABA","Tact B ",1
"1092","Sub004","df4","ABA","Tact B ",1
"1093","Sub004","df4","ABA","Tact B ",0
"1094","Sub004","df4","ABA","Tact B ",0
"1095","Sub004","df4","ABA","Tact B ",1
"1096","Sub004","df4","ABA","Tact B ",1
"1097","Sub004","df4","ABA","Tact B ",1
"1098","Sub004","df4","ABA","Tact B ",1
"1099","Sub004","df4","ABA","Tact B ",1
"1100","Sub004","df4","ABA","Tact B ",1
"1101","Sub004","df4","ABA","Tact B ",1
"1102","Sub004","df4","ABA","Tact B ",1
"1103","Sub004","df4","ABA","Tact B ",1
"1104","Sub004","df4","ABA","Tact B ",1
"1105","Sub004","df4","ABA","Tact B ",1
"1106","Sub004","df4","ABA","Tact B ",0
"1107","Sub004","df4","ABA","Tact B ",1
"1108","Sub004","df4","ABA","Tact B ",1
"1109","Sub004","df4","ABA","Tact B ",1
"1110","Sub004","df4","ABA","Tact B ",0
"1111","Sub004","df4","ABA","Tact B ",1
"1112","Sub004","df4","ABA","Tact B ",1
"1113","Sub004","df4","ABA","Tact B ",0
"1114","Sub004","df4","ABA","Tact B ",1
"1115","Sub004","df4","ABA","Tact B ",1
"1116","Sub004","df4","ABA","Tact B ",1
"1117","Sub004","df4","ABA","Tact B ",1
"1118","Sub004","df4","ABA","Tact B ",1
"1119","Sub004","df4","ABA","Tact B ",1
"1120","Sub004","df4","ABA","Tact B ",0
"1441","Sub005","df4","ABA","Tact  A",0
"1442","Sub005","df4","ABA","Tact  A",1
"1443","Sub005","df4","ABA","Tact  A",1
"1444","Sub005","df4","ABA","Tact  A",0
"1445","Sub005","df4","ABA","Tact  A",1
"1446","Sub005","df4","ABA","Tact  A",0
"1447","Sub005","df4","ABA","Tact  A",1
"1448","Sub005","df4","ABA","Tact  A",1
"1449","Sub005","df4","ABA","Tact  A",0
"1450","Sub005","df4","ABA","Tact  A",1
"1451","Sub005","df4","ABA","Tact  A",1
"1452","Sub005","df4","ABA","Tact  A",1
"1453","Sub005","df4","ABA","Tact  A",0
"1454","Sub005","df4","ABA","Tact  A",1
"1455","Sub005","df4","ABA","Tact  A",1
"1456","Sub005","df4","ABA","Tact  A",0
"1457","Sub005","df4","ABA","Tact  A",0
"1458","Sub005","df4","ABA","Tact  A",0
"1459","Sub005","df4","ABA","Tact  A",0
"1460","Sub005","df4","ABA","Tact  A",0
"1461","Sub005","df4","ABA","Tact  A",0
"1462","Sub005","df4","ABA","Tact  A",1
"1463","Sub005","df4","ABA","Tact  A",0
"1464","Sub005","df4","ABA","Tact  A",0
"1465","Sub005","df4","ABA","Tact  A",1
"1466","Sub005","df4","ABA","Tact  A",1
"1467","Sub005","df4","ABA","Tact  A",1
"1468","Sub005","df4","ABA","Tact  A",0
"1469","Sub005","df4","ABA","Tact  A",1
"1470","Sub005","df4","ABA","Tact  A",1
"1471","Sub005","df4","ABA","Tact  A",0
"1472","Sub005","df4","ABA","Tact  A",1
"1473","Sub005","df4","ABA","Tact  A",0
"1474","Sub005","df4","ABA","Tact  A",0
"1475","Sub005","df4","ABA","Tact  A",0
"1476","Sub005","df4","ABA","Tact  A",0
"1477","Sub005","df4","ABA","Tact  A",1
"1478","Sub005","df4","ABA","Tact  A",0
"1479","Sub005","df4","ABA","Tact  A",0
"1480","Sub005","df4","ABA","Tact  A",0
"1481","Sub005","df4","ABA","TactABA",0
"1482","Sub005","df4","ABA","TactABA",1
"1483","Sub005","df4","ABA","TactABA",1
"1484","Sub005","df4","ABA","TactABA",0
"1485","Sub005","df4","ABA","TactABA",0
"1486","Sub005","df4","ABA","TactABA",0
"1487","Sub005","df4","ABA","TactABA",0
"1488","Sub005","df4","ABA","TactABA",0
"1489","Sub005","df4","ABA","TactABA",0
"1490","Sub005","df4","ABA","TactABA",0
"1491","Sub005","df4","ABA","TactABA",0
"1492","Sub005","df4","ABA","TactABA",0
"1493","Sub005","df4","ABA","TactABA",0
"1494","Sub005","df4","ABA","TactABA",0
"1495","Sub005","df4","ABA","TactABA",1
"1496","Sub005","df4","ABA","TactABA",0
"1497","Sub005","df4","ABA","TactABA",1
"1498","Sub005","df4","ABA","TactABA",1
"1499","Sub005","df4","ABA","TactABA",0
"1500","Sub005","df4","ABA","TactABA",1
"1501","Sub005","df4","ABA","TactABA",0
"1502","Sub005","df4","ABA","TactABA",1
"1503","Sub005","df4","ABA","TactABA",0
"1504","Sub005","df4","ABA","TactABA",0
"1505","Sub005","df4","ABA","TactABA",0
"1506","Sub005","df4","ABA","TactABA",0
"1507","Sub005","df4","ABA","TactABA",0
"1508","Sub005","df4","ABA","TactABA",0
"1509","Sub005","df4","ABA","TactABA",0
"1510","Sub005","df4","ABA","TactABA",0
"1511","Sub005","df4","ABA","TactABA",0
"1512","Sub005","df4","ABA","TactABA",0
"1513","Sub005","df4","ABA","TactABA",0
"1514","Sub005","df4","ABA","TactABA",1
"1515","Sub005","df4","ABA","TactABA",0
"1516","Sub005","df4","ABA","TactABA",0
"1517","Sub005","df4","ABA","TactABA",0
"1518","Sub005","df4","ABA","TactABA",0
"1519","Sub005","df4","ABA","TactABA",0
"1520","Sub005","df4","ABA","TactABA",1
"1521","Sub005","df4","ABA","TactOff",0
"1522","Sub005","df4","ABA","TactOff",1
"1523","Sub005","df4","ABA","TactOff",1
"1524","Sub005","df4","ABA","TactOff",1
"1525","Sub005","df4","ABA","TactOff",1
"1526","Sub005","df4","ABA","TactOff",1
"1527","Sub005","df4","ABA","TactOff",1
"1528","Sub005","df4","ABA","TactOff",1
"1529","Sub005","df4","ABA","TactOff",0
"1530","Sub005","df4","ABA","TactOff",0
"1531","Sub005","df4","ABA","TactOff",1
"1532","Sub005","df4","ABA","TactOff",1
"1533","Sub005","df4","ABA","TactOff",0
"1534","Sub005","df4","ABA","TactOff",0
"1535","Sub005","df4","ABA","TactOff",0
"1536","Sub005","df4","ABA","TactOff",0
"1537","Sub005","df4","ABA","TactOff",0
"1538","Sub005","df4","ABA","TactOff",0
"1539","Sub005","df4","ABA","TactOff",0
"1540","Sub005","df4","ABA","TactOff",0
"1541","Sub005","df4","ABA","TactOff",0
"1542","Sub005","df4","ABA","TactOff",1
"1543","Sub005","df4","ABA","TactOff",1
"1544","Sub005","df4","ABA","TactOff",1
"1545","Sub005","df4","ABA","TactOff",1
"1546","Sub005","df4","ABA","TactOff",1
"1547","Sub005","df4","ABA","TactOff",1
"1548","Sub005","df4","ABA","TactOff",1
"1549","Sub005","df4","ABA","TactOff",0
"1550","Sub005","df4","ABA","TactOff",0
"1551","Sub005","df4","ABA","TactOff",1
"1552","Sub005","df4","ABA","TactOff",1
"1553","Sub005","df4","ABA","TactOff",0
"1554","Sub005","df4","ABA","TactOff",0
"1555","Sub005","df4","ABA","TactOff",0
"1556","Sub005","df4","ABA","TactOff",0
"1557","Sub005","df4","ABA","TactOff",0
"1558","Sub005","df4","ABA","TactOff",0
"1559","Sub005","df4","ABA","TactOff",0
"1560","Sub005","df4","ABA","TactOff",0
"1561","Sub005","df4","ABA","Tact B ",0
"1562","Sub005","df4","ABA","Tact B ",1
"1563","Sub005","df4","ABA","Tact B ",1
"1564","Sub005","df4","ABA","Tact B ",1
"1565","Sub005","df4","ABA","Tact B ",1
"1566","Sub005","df4","ABA","Tact B ",1
"1567","Sub005","df4","ABA","Tact B ",1
"1568","Sub005","df4","ABA","Tact B ",1
"1569","Sub005","df4","ABA","Tact B ",0
"1570","Sub005","df4","ABA","Tact B ",1
"1571","Sub005","df4","ABA","Tact B ",1
"1572","Sub005","df4","ABA","Tact B ",0
"1573","Sub005","df4","ABA","Tact B ",0
"1574","Sub005","df4","ABA","Tact B ",0
"1575","Sub005","df4","ABA","Tact B ",0
"1576","Sub005","df4","ABA","Tact B ",0
"1577","Sub005","df4","ABA","Tact B ",0
"1578","Sub005","df4","ABA","Tact B ",0
"1579","Sub005","df4","ABA","Tact B ",0
"1580","Sub005","df4","ABA","Tact B ",1
"1581","Sub005","df4","ABA","Tact B ",0
"1582","Sub005","df4","ABA","Tact B ",1
"1583","Sub005","df4","ABA","Tact B ",1
"1584","Sub005","df4","ABA","Tact B ",1
"1585","Sub005","df4","ABA","Tact B ",1
"1586","Sub005","df4","ABA","Tact B ",1
"1587","Sub005","df4","ABA","Tact B ",1
"1588","Sub005","df4","ABA","Tact B ",0
"1589","Sub005","df4","ABA","Tact B ",1
"1590","Sub005","df4","ABA","Tact B ",1
"1591","Sub005","df4","ABA","Tact B ",1
"1592","Sub005","df4","ABA","Tact B ",1
"1593","Sub005","df4","ABA","Tact B ",0
"1594","Sub005","df4","ABA","Tact B ",0
"1595","Sub005","df4","ABA","Tact B ",1
"1596","Sub005","df4","ABA","Tact B ",0
"1597","Sub005","df4","ABA","Tact B ",1
"1598","Sub005","df4","ABA","Tact B ",0
"1599","Sub005","df4","ABA","Tact B ",1
"1600","Sub005","df4","ABA","Tact B ",0
"1761","Sub006","df4","ABA","Tact  A",1
"1762","Sub006","df4","ABA","Tact  A",1
"1763","Sub006","df4","ABA","Tact  A",0
"1764","Sub006","df4","ABA","Tact  A",1
"1765","Sub006","df4","ABA","Tact  A",1
"1766","Sub006","df4","ABA","Tact  A",1
"1767","Sub006","df4","ABA","Tact  A",1
"1768","Sub006","df4","ABA","Tact  A",0
"1769","Sub006","df4","ABA","Tact  A",1
"1770","Sub006","df4","ABA","Tact  A",1
"1771","Sub006","df4","ABA","Tact  A",1
"1772","Sub006","df4","ABA","Tact  A",1
"1773","Sub006","df4","ABA","Tact  A",1
"1774","Sub006","df4","ABA","Tact  A",1
"1775","Sub006","df4","ABA","Tact  A",1
"1776","Sub006","df4","ABA","Tact  A",1
"1777","Sub006","df4","ABA","Tact  A",1
"1778","Sub006","df4","ABA","Tact  A",1
"1779","Sub006","df4","ABA","Tact  A",0
"1780","Sub006","df4","ABA","Tact  A",1
"1781","Sub006","df4","ABA","Tact  A",1
"1782","Sub006","df4","ABA","Tact  A",0
"1783","Sub006","df4","ABA","Tact  A",1
"1784","Sub006","df4","ABA","Tact  A",1
"1785","Sub006","df4","ABA","Tact  A",1
"1786","Sub006","df4","ABA","Tact  A",1
"1787","Sub006","df4","ABA","Tact  A",1
"1788","Sub006","df4","ABA","Tact  A",0
"1789","Sub006","df4","ABA","Tact  A",0
"1790","Sub006","df4","ABA","Tact  A",1
"1791","Sub006","df4","ABA","Tact  A",1
"1792","Sub006","df4","ABA","Tact  A",1
"1793","Sub006","df4","ABA","Tact  A",1
"1794","Sub006","df4","ABA","Tact  A",1
"1795","Sub006","df4","ABA","Tact  A",1
"1796","Sub006","df4","ABA","Tact  A",0
"1797","Sub006","df4","ABA","Tact  A",1
"1798","Sub006","df4","ABA","Tact  A",0
"1799","Sub006","df4","ABA","Tact  A",1
"1800","Sub006","df4","ABA","Tact  A",1
"1801","Sub006","df4","ABA","TactABA",1
"1802","Sub006","df4","ABA","TactABA",1
"1803","Sub006","df4","ABA","TactABA",1
"1804","Sub006","df4","ABA","TactABA",1
"1805","Sub006","df4","ABA","TactABA",1
"1806","Sub006","df4","ABA","TactABA",1
"1807","Sub006","df4","ABA","TactABA",1
"1808","Sub006","df4","ABA","TactABA",1
"1809","Sub006","df4","ABA","TactABA",0
"1810","Sub006","df4","ABA","TactABA",1
"1811","Sub006","df4","ABA","TactABA",0
"1812","Sub006","df4","ABA","TactABA",1
"1813","Sub006","df4","ABA","TactABA",1
"1814","Sub006","df4","ABA","TactABA",1
"1815","Sub006","df4","ABA","TactABA",0
"1816","Sub006","df4","ABA","TactABA",0
"1817","Sub006","df4","ABA","TactABA",0
"1818","Sub006","df4","ABA","TactABA",0
"1819","Sub006","df4","ABA","TactABA",0
"1820","Sub006","df4","ABA","TactABA",1
"1821","Sub006","df4","ABA","TactABA",1
"1822","Sub006","df4","ABA","TactABA",0
"1823","Sub006","df4","ABA","TactABA",1
"1824","Sub006","df4","ABA","TactABA",1
"1825","Sub006","df4","ABA","TactABA",0
"1826","Sub006","df4","ABA","TactABA",1
"1827","Sub006","df4","ABA","TactABA",1
"1828","Sub006","df4","ABA","TactABA",0
"1829","Sub006","df4","ABA","TactABA",0
"1830","Sub006","df4","ABA","TactABA",1
"1831","Sub006","df4","ABA","TactABA",0
"1832","Sub006","df4","ABA","TactABA",1
"1833","Sub006","df4","ABA","TactABA",1
"1834","Sub006","df4","ABA","TactABA",0
"1835","Sub006","df4","ABA","TactABA",1
"1836","Sub006","df4","ABA","TactABA",0
"1837","Sub006","df4","ABA","TactABA",0
"1838","Sub006","df4","ABA","TactABA",0
"1839","Sub006","df4","ABA","TactABA",0
"1840","Sub006","df4","ABA","TactABA",1
"1841","Sub006","df4","ABA","TactOff",0
"1842","Sub006","df4","ABA","TactOff",1
"1843","Sub006","df4","ABA","TactOff",0
"1844","Sub006","df4","ABA","TactOff",0
"1845","Sub006","df4","ABA","TactOff",0
"1846","Sub006","df4","ABA","TactOff",0
"1847","Sub006","df4","ABA","TactOff",1
"1848","Sub006","df4","ABA","TactOff",0
"1849","Sub006","df4","ABA","TactOff",0
"1850","Sub006","df4","ABA","TactOff",0
"1851","Sub006","df4","ABA","TactOff",0
"1852","Sub006","df4","ABA","TactOff",1
"1853","Sub006","df4","ABA","TactOff",1
"1854","Sub006","df4","ABA","TactOff",0
"1855","Sub006","df4","ABA","TactOff",0
"1856","Sub006","df4","ABA","TactOff",0
"1857","Sub006","df4","ABA","TactOff",0
"1858","Sub006","df4","ABA","TactOff",0
"1859","Sub006","df4","ABA","TactOff",0
"1860","Sub006","df4","ABA","TactOff",0
"1861","Sub006","df4","ABA","TactOff",0
"1862","Sub006","df4","ABA","TactOff",1
"1863","Sub006","df4","ABA","TactOff",0
"1864","Sub006","df4","ABA","TactOff",0
"1865","Sub006","df4","ABA","TactOff",0
"1866","Sub006","df4","ABA","TactOff",0
"1867","Sub006","df4","ABA","TactOff",1
"1868","Sub006","df4","ABA","TactOff",0
"1869","Sub006","df4","ABA","TactOff",0
"1870","Sub006","df4","ABA","TactOff",0
"1871","Sub006","df4","ABA","TactOff",0
"1872","Sub006","df4","ABA","TactOff",1
"1873","Sub006","df4","ABA","TactOff",1
"1874","Sub006","df4","ABA","TactOff",0
"1875","Sub006","df4","ABA","TactOff",0
"1876","Sub006","df4","ABA","TactOff",0
"1877","Sub006","df4","ABA","TactOff",0
"1878","Sub006","df4","ABA","TactOff",0
"1879","Sub006","df4","ABA","TactOff",0
"1880","Sub006","df4","ABA","TactOff",0
"1881","Sub006","df4","ABA","Tact B ",0
"1882","Sub006","df4","ABA","Tact B ",0
"1883","Sub006","df4","ABA","Tact B ",0
"1884","Sub006","df4","ABA","Tact B ",0
"1885","Sub006","df4","ABA","Tact B ",1
"1886","Sub006","df4","ABA","Tact B ",0
"1887","Sub006","df4","ABA","Tact B ",0
"1888","Sub006","df4","ABA","Tact B ",0
"1889","Sub006","df4","ABA","Tact B ",1
"1890","Sub006","df4","ABA","Tact B ",0
"1891","Sub006","df4","ABA","Tact B ",1
"1892","Sub006","df4","ABA","Tact B ",1
"1893","Sub006","df4","ABA","Tact B ",1
"1894","Sub006","df4","ABA","Tact B ",0
"1895","Sub006","df4","ABA","Tact B ",0
"1896","Sub006","df4","ABA","Tact B ",0
"1897","Sub006","df4","ABA","Tact B ",1
"1898","Sub006","df4","ABA","Tact B ",1
"1899","Sub006","df4","ABA","Tact B ",0
"1900","Sub006","df4","ABA","Tact B ",0
"1901","Sub006","df4","ABA","Tact B ",1
"1902","Sub006","df4","ABA","Tact B ",0
"1903","Sub006","df4","ABA","Tact B ",0
"1904","Sub006","df4","ABA","Tact B ",1
"1905","Sub006","df4","ABA","Tact B ",0
"1906","Sub006","df4","ABA","Tact B ",0
"1907","Sub006","df4","ABA","Tact B ",0
"1908","Sub006","df4","ABA","Tact B ",1
"1909","Sub006","df4","ABA","Tact B ",1
"1910","Sub006","df4","ABA","Tact B ",0
"1911","Sub006","df4","ABA","Tact B ",1
"1912","Sub006","df4","ABA","Tact B ",1
"1913","Sub006","df4","ABA","Tact B ",0
"1914","Sub006","df4","ABA","Tact B ",0
"1915","Sub006","df4","ABA","Tact B ",0
"1916","Sub006","df4","ABA","Tact B ",1
"1917","Sub006","df4","ABA","Tact B ",1
"1918","Sub006","df4","ABA","Tact B ",0
"1919","Sub006","df4","ABA","Tact B ",0
"1920","Sub006","df4","ABA","Tact B ",1
"2081","Sub007","df4","ABA","Tact  A",0
"2082","Sub007","df4","ABA","Tact  A",1
"2083","Sub007","df4","ABA","Tact  A",0
"2084","Sub007","df4","ABA","Tact  A",1
"2085","Sub007","df4","ABA","Tact  A",1
"2086","Sub007","df4","ABA","Tact  A",0
"2087","Sub007","df4","ABA","Tact  A",1
"2088","Sub007","df4","ABA","Tact  A",1
"2089","Sub007","df4","ABA","Tact  A",0
"2090","Sub007","df4","ABA","Tact  A",1
"2091","Sub007","df4","ABA","Tact  A",1
"2092","Sub007","df4","ABA","Tact  A",0
"2093","Sub007","df4","ABA","Tact  A",0
"2094","Sub007","df4","ABA","Tact  A",1
"2095","Sub007","df4","ABA","Tact  A",1
"2096","Sub007","df4","ABA","Tact  A",1
"2097","Sub007","df4","ABA","Tact  A",1
"2098","Sub007","df4","ABA","Tact  A",1
"2099","Sub007","df4","ABA","Tact  A",0
"2100","Sub007","df4","ABA","Tact  A",1
"2101","Sub007","df4","ABA","Tact  A",1
"2102","Sub007","df4","ABA","Tact  A",0
"2103","Sub007","df4","ABA","Tact  A",1
"2104","Sub007","df4","ABA","Tact  A",1
"2105","Sub007","df4","ABA","Tact  A",1
"2106","Sub007","df4","ABA","Tact  A",0
"2107","Sub007","df4","ABA","Tact  A",1
"2108","Sub007","df4","ABA","Tact  A",1
"2109","Sub007","df4","ABA","Tact  A",1
"2110","Sub007","df4","ABA","Tact  A",0
"2111","Sub007","df4","ABA","Tact  A",1
"2112","Sub007","df4","ABA","Tact  A",0
"2113","Sub007","df4","ABA","Tact  A",0
"2114","Sub007","df4","ABA","Tact  A",0
"2115","Sub007","df4","ABA","Tact  A",1
"2116","Sub007","df4","ABA","Tact  A",1
"2117","Sub007","df4","ABA","Tact  A",1
"2118","Sub007","df4","ABA","Tact  A",1
"2119","Sub007","df4","ABA","Tact  A",1
"2120","Sub007","df4","ABA","Tact  A",0
"2121","Sub007","df4","ABA","TactABA",0
"2122","Sub007","df4","ABA","TactABA",0
"2123","Sub007","df4","ABA","TactABA",0
"2124","Sub007","df4","ABA","TactABA",0
"2125","Sub007","df4","ABA","TactABA",0
"2126","Sub007","df4","ABA","TactABA",0
"2127","Sub007","df4","ABA","TactABA",0
"2128","Sub007","df4","ABA","TactABA",0
"2129","Sub007","df4","ABA","TactABA",0
"2130","Sub007","df4","ABA","TactABA",0
"2131","Sub007","df4","ABA","TactABA",0
"2132","Sub007","df4","ABA","TactABA",0
"2133","Sub007","df4","ABA","TactABA",0
"2134","Sub007","df4","ABA","TactABA",0
"2135","Sub007","df4","ABA","TactABA",0
"2136","Sub007","df4","ABA","TactABA",0
"2137","Sub007","df4","ABA","TactABA",0
"2138","Sub007","df4","ABA","TactABA",0
"2139","Sub007","df4","ABA","TactABA",0
"2140","Sub007","df4","ABA","TactABA",0
"2141","Sub007","df4","ABA","TactABA",0
"2142","Sub007","df4","ABA","TactABA",0
"2143","Sub007","df4","ABA","TactABA",0
"2144","Sub007","df4","ABA","TactABA",0
"2145","Sub007","df4","ABA","TactABA",0
"2146","Sub007","df4","ABA","TactABA",0
"2147","Sub007","df4","ABA","TactABA",1
"2148","Sub007","df4","ABA","TactABA",0
"2149","Sub007","df4","ABA","TactABA",0
"2150","Sub007","df4","ABA","TactABA",0
"2151","Sub007","df4","ABA","TactABA",0
"2152","Sub007","df4","ABA","TactABA",0
"2153","Sub007","df4","ABA","TactABA",1
"2154","Sub007","df4","ABA","TactABA",0
"2155","Sub007","df4","ABA","TactABA",1
"2156","Sub007","df4","ABA","TactABA",0
"2157","Sub007","df4","ABA","TactABA",0
"2158","Sub007","df4","ABA","TactABA",0
"2159","Sub007","df4","ABA","TactABA",1
"2160","Sub007","df4","ABA","TactABA",0
"2161","Sub007","df4","ABA","TactOff",1
"2162","Sub007","df4","ABA","TactOff",0
"2163","Sub007","df4","ABA","TactOff",1
"2164","Sub007","df4","ABA","TactOff",1
"2165","Sub007","df4","ABA","TactOff",1
"2166","Sub007","df4","ABA","TactOff",1
"2167","Sub007","df4","ABA","TactOff",1
"2168","Sub007","df4","ABA","TactOff",1
"2169","Sub007","df4","ABA","TactOff",0
"2170","Sub007","df4","ABA","TactOff",0
"2171","Sub007","df4","ABA","TactOff",1
"2172","Sub007","df4","ABA","TactOff",0
"2173","Sub007","df4","ABA","TactOff",1
"2174","Sub007","df4","ABA","TactOff",1
"2175","Sub007","df4","ABA","TactOff",1
"2176","Sub007","df4","ABA","TactOff",0
"2177","Sub007","df4","ABA","TactOff",1
"2178","Sub007","df4","ABA","TactOff",0
"2179","Sub007","df4","ABA","TactOff",1
"2180","Sub007","df4","ABA","TactOff",0
"2181","Sub007","df4","ABA","TactOff",1
"2182","Sub007","df4","ABA","TactOff",0
"2183","Sub007","df4","ABA","TactOff",1
"2184","Sub007","df4","ABA","TactOff",1
"2185","Sub007","df4","ABA","TactOff",1
"2186","Sub007","df4","ABA","TactOff",1
"2187","Sub007","df4","ABA","TactOff",1
"2188","Sub007","df4","ABA","TactOff",1
"2189","Sub007","df4","ABA","TactOff",0
"2190","Sub007","df4","ABA","TactOff",0
"2191","Sub007","df4","ABA","TactOff",1
"2192","Sub007","df4","ABA","TactOff",0
"2193","Sub007","df4","ABA","TactOff",1
"2194","Sub007","df4","ABA","TactOff",1
"2195","Sub007","df4","ABA","TactOff",1
"2196","Sub007","df4","ABA","TactOff",0
"2197","Sub007","df4","ABA","TactOff",1
"2198","Sub007","df4","ABA","TactOff",0
"2199","Sub007","df4","ABA","TactOff",1
"2200","Sub007","df4","ABA","TactOff",0
"2201","Sub007","df4","ABA","Tact B ",0
"2202","Sub007","df4","ABA","Tact B ",0
"2203","Sub007","df4","ABA","Tact B ",0
"2204","Sub007","df4","ABA","Tact B ",1
"2205","Sub007","df4","ABA","Tact B ",1
"2206","Sub007","df4","ABA","Tact B ",0
"2207","Sub007","df4","ABA","Tact B ",1
"2208","Sub007","df4","ABA","Tact B ",0
"2209","Sub007","df4","ABA","Tact B ",0
"2210","Sub007","df4","ABA","Tact B ",1
"2211","Sub007","df4","ABA","Tact B ",0
"2212","Sub007","df4","ABA","Tact B ",0
"2213","Sub007","df4","ABA","Tact B ",0
"2214","Sub007","df4","ABA","Tact B ",1
"2215","Sub007","df4","ABA","Tact B ",1
"2216","Sub007","df4","ABA","Tact B ",1
"2217","Sub007","df4","ABA","Tact B ",1
"2218","Sub007","df4","ABA","Tact B ",1
"2219","Sub007","df4","ABA","Tact B ",1
"2220","Sub007","df4","ABA","Tact B ",1
"2221","Sub007","df4","ABA","Tact B ",0
"2222","Sub007","df4","ABA","Tact B ",1
"2223","Sub007","df4","ABA","Tact B ",0
"2224","Sub007","df4","ABA","Tact B ",1
"2225","Sub007","df4","ABA","Tact B ",1
"2226","Sub007","df4","ABA","Tact B ",0
"2227","Sub007","df4","ABA","Tact B ",0
"2228","Sub007","df4","ABA","Tact B ",0
"2229","Sub007","df4","ABA","Tact B ",0
"2230","Sub007","df4","ABA","Tact B ",0
"2231","Sub007","df4","ABA","Tact B ",0
"2232","Sub007","df4","ABA","Tact B ",0
"2233","Sub007","df4","ABA","Tact B ",1
"2234","Sub007","df4","ABA","Tact B ",1
"2235","Sub007","df4","ABA","Tact B ",1
"2236","Sub007","df4","ABA","Tact B ",1
"2237","Sub007","df4","ABA","Tact B ",1
"2238","Sub007","df4","ABA","Tact B ",1
"2239","Sub007","df4","ABA","Tact B ",1
"2240","Sub007","df4","ABA","Tact B ",1
"2401","Sub008","df4","ABA","Tact  A",1
"2402","Sub008","df4","ABA","Tact  A",1
"2403","Sub008","df4","ABA","Tact  A",1
"2404","Sub008","df4","ABA","Tact  A",1
"2405","Sub008","df4","ABA","Tact  A",1
"2406","Sub008","df4","ABA","Tact  A",1
"2407","Sub008","df4","ABA","Tact  A",1
"2408","Sub008","df4","ABA","Tact  A",0
"2409","Sub008","df4","ABA","Tact  A",0
"2410","Sub008","df4","ABA","Tact  A",0
"2411","Sub008","df4","ABA","Tact  A",0
"2412","Sub008","df4","ABA","Tact  A",0
"2413","Sub008","df4","ABA","Tact  A",1
"2414","Sub008","df4","ABA","Tact  A",0
"2415","Sub008","df4","ABA","Tact  A",1
"2416","Sub008","df4","ABA","Tact  A",1
"2417","Sub008","df4","ABA","Tact  A",1
"2418","Sub008","df4","ABA","Tact  A",1
"2419","Sub008","df4","ABA","Tact  A",1
"2420","Sub008","df4","ABA","Tact  A",1
"2421","Sub008","df4","ABA","Tact  A",1
"2422","Sub008","df4","ABA","Tact  A",1
"2423","Sub008","df4","ABA","Tact  A",1
"2424","Sub008","df4","ABA","Tact  A",1
"2425","Sub008","df4","ABA","Tact  A",1
"2426","Sub008","df4","ABA","Tact  A",1
"2427","Sub008","df4","ABA","Tact  A",0
"2428","Sub008","df4","ABA","Tact  A",0
"2429","Sub008","df4","ABA","Tact  A",0
"2430","Sub008","df4","ABA","Tact  A",0
"2431","Sub008","df4","ABA","Tact  A",0
"2432","Sub008","df4","ABA","Tact  A",0
"2433","Sub008","df4","ABA","Tact  A",1
"2434","Sub008","df4","ABA","Tact  A",1
"2435","Sub008","df4","ABA","Tact  A",1
"2436","Sub008","df4","ABA","Tact  A",1
"2437","Sub008","df4","ABA","Tact  A",1
"2438","Sub008","df4","ABA","Tact  A",1
"2439","Sub008","df4","ABA","Tact  A",1
"2440","Sub008","df4","ABA","Tact  A",1
"2441","Sub008","df4","ABA","TactABA",1
"2442","Sub008","df4","ABA","TactABA",1
"2443","Sub008","df4","ABA","TactABA",1
"2444","Sub008","df4","ABA","TactABA",1
"2445","Sub008","df4","ABA","TactABA",1
"2446","Sub008","df4","ABA","TactABA",1
"2447","Sub008","df4","ABA","TactABA",0
"2448","Sub008","df4","ABA","TactABA",0
"2449","Sub008","df4","ABA","TactABA",0
"2450","Sub008","df4","ABA","TactABA",0
"2451","Sub008","df4","ABA","TactABA",0
"2452","Sub008","df4","ABA","TactABA",0
"2453","Sub008","df4","ABA","TactABA",0
"2454","Sub008","df4","ABA","TactABA",0
"2455","Sub008","df4","ABA","TactABA",1
"2456","Sub008","df4","ABA","TactABA",1
"2457","Sub008","df4","ABA","TactABA",1
"2458","Sub008","df4","ABA","TactABA",0
"2459","Sub008","df4","ABA","TactABA",0
"2460","Sub008","df4","ABA","TactABA",0
"2461","Sub008","df4","ABA","TactABA",1
"2462","Sub008","df4","ABA","TactABA",1
"2463","Sub008","df4","ABA","TactABA",1
"2464","Sub008","df4","ABA","TactABA",1
"2465","Sub008","df4","ABA","TactABA",1
"2466","Sub008","df4","ABA","TactABA",1
"2467","Sub008","df4","ABA","TactABA",0
"2468","Sub008","df4","ABA","TactABA",0
"2469","Sub008","df4","ABA","TactABA",0
"2470","Sub008","df4","ABA","TactABA",0
"2471","Sub008","df4","ABA","TactABA",0
"2472","Sub008","df4","ABA","TactABA",0
"2473","Sub008","df4","ABA","TactABA",1
"2474","Sub008","df4","ABA","TactABA",1
"2475","Sub008","df4","ABA","TactABA",0
"2476","Sub008","df4","ABA","TactABA",1
"2477","Sub008","df4","ABA","TactABA",1
"2478","Sub008","df4","ABA","TactABA",0
"2479","Sub008","df4","ABA","TactABA",0
"2480","Sub008","df4","ABA","TactABA",1
"2481","Sub008","df4","ABA","TactOff",1
"2482","Sub008","df4","ABA","TactOff",1
"2483","Sub008","df4","ABA","TactOff",1
"2484","Sub008","df4","ABA","TactOff",1
"2485","Sub008","df4","ABA","TactOff",1
"2486","Sub008","df4","ABA","TactOff",1
"2487","Sub008","df4","ABA","TactOff",1
"2488","Sub008","df4","ABA","TactOff",0
"2489","Sub008","df4","ABA","TactOff",0
"2490","Sub008","df4","ABA","TactOff",0
"2491","Sub008","df4","ABA","TactOff",0
"2492","Sub008","df4","ABA","TactOff",1
"2493","Sub008","df4","ABA","TactOff",1
"2494","Sub008","df4","ABA","TactOff",0
"2495","Sub008","df4","ABA","TactOff",1
"2496","Sub008","df4","ABA","TactOff",1
"2497","Sub008","df4","ABA","TactOff",1
"2498","Sub008","df4","ABA","TactOff",1
"2499","Sub008","df4","ABA","TactOff",0
"2500","Sub008","df4","ABA","TactOff",1
"2501","Sub008","df4","ABA","TactOff",1
"2502","Sub008","df4","ABA","TactOff",1
"2503","Sub008","df4","ABA","TactOff",1
"2504","Sub008","df4","ABA","TactOff",1
"2505","Sub008","df4","ABA","TactOff",1
"2506","Sub008","df4","ABA","TactOff",1
"2507","Sub008","df4","ABA","TactOff",1
"2508","Sub008","df4","ABA","TactOff",0
"2509","Sub008","df4","ABA","TactOff",0
"2510","Sub008","df4","ABA","TactOff",0
"2511","Sub008","df4","ABA","TactOff",0
"2512","Sub008","df4","ABA","TactOff",1
"2513","Sub008","df4","ABA","TactOff",1
"2514","Sub008","df4","ABA","TactOff",0
"2515","Sub008","df4","ABA","TactOff",1
"2516","Sub008","df4","ABA","TactOff",1
"2517","Sub008","df4","ABA","TactOff",1
"2518","Sub008","df4","ABA","TactOff",1
"2519","Sub008","df4","ABA","TactOff",0
"2520","Sub008","df4","ABA","TactOff",1
"2521","Sub008","df4","ABA","Tact B ",1
"2522","Sub008","df4","ABA","Tact B ",1
"2523","Sub008","df4","ABA","Tact B ",1
"2524","Sub008","df4","ABA","Tact B ",1
"2525","Sub008","df4","ABA","Tact B ",1
"2526","Sub008","df4","ABA","Tact B ",1
"2527","Sub008","df4","ABA","Tact B ",1
"2528","Sub008","df4","ABA","Tact B ",0
"2529","Sub008","df4","ABA","Tact B ",0
"2530","Sub008","df4","ABA","Tact B ",0
"2531","Sub008","df4","ABA","Tact B ",0
"2532","Sub008","df4","ABA","Tact B ",0
"2533","Sub008","df4","ABA","Tact B ",1
"2534","Sub008","df4","ABA","Tact B ",1
"2535","Sub008","df4","ABA","Tact B ",1
"2536","Sub008","df4","ABA","Tact B ",1
"2537","Sub008","df4","ABA","Tact B ",1
"2538","Sub008","df4","ABA","Tact B ",1
"2539","Sub008","df4","ABA","Tact B ",0
"2540","Sub008","df4","ABA","Tact B ",0
"2541","Sub008","df4","ABA","Tact B ",1
"2542","Sub008","df4","ABA","Tact B ",1
"2543","Sub008","df4","ABA","Tact B ",1
"2544","Sub008","df4","ABA","Tact B ",1
"2545","Sub008","df4","ABA","Tact B ",1
"2546","Sub008","df4","ABA","Tact B ",1
"2547","Sub008","df4","ABA","Tact B ",0
"2548","Sub008","df4","ABA","Tact B ",0
"2549","Sub008","df4","ABA","Tact B ",0
"2550","Sub008","df4","ABA","Tact B ",0
"2551","Sub008","df4","ABA","Tact B ",0
"2552","Sub008","df4","ABA","Tact B ",1
"2553","Sub008","df4","ABA","Tact B ",1
"2554","Sub008","df4","ABA","Tact B ",0
"2555","Sub008","df4","ABA","Tact B ",1
"2556","Sub008","df4","ABA","Tact B ",1
"2557","Sub008","df4","ABA","Tact B ",1
"2558","Sub008","df4","ABA","Tact B ",1
"2559","Sub008","df4","ABA","Tact B ",1
"2560","Sub008","df4","ABA","Tact B ",0
"2721","Sub009","df4","ABA","Tact  A",0
"2722","Sub009","df4","ABA","Tact  A",0
"2723","Sub009","df4","ABA","Tact  A",0
"2724","Sub009","df4","ABA","Tact  A",0
"2725","Sub009","df4","ABA","Tact  A",0
"2726","Sub009","df4","ABA","Tact  A",0
"2727","Sub009","df4","ABA","Tact  A",0
"2728","Sub009","df4","ABA","Tact  A",0
"2729","Sub009","df4","ABA","Tact  A",0
"2730","Sub009","df4","ABA","Tact  A",1
"2731","Sub009","df4","ABA","Tact  A",1
"2732","Sub009","df4","ABA","Tact  A",1
"2733","Sub009","df4","ABA","Tact  A",1
"2734","Sub009","df4","ABA","Tact  A",0
"2735","Sub009","df4","ABA","Tact  A",1
"2736","Sub009","df4","ABA","Tact  A",1
"2737","Sub009","df4","ABA","Tact  A",1
"2738","Sub009","df4","ABA","Tact  A",1
"2739","Sub009","df4","ABA","Tact  A",1
"2740","Sub009","df4","ABA","Tact  A",1
"2741","Sub009","df4","ABA","Tact  A",0
"2742","Sub009","df4","ABA","Tact  A",0
"2743","Sub009","df4","ABA","Tact  A",0
"2744","Sub009","df4","ABA","Tact  A",0
"2745","Sub009","df4","ABA","Tact  A",0
"2746","Sub009","df4","ABA","Tact  A",0
"2747","Sub009","df4","ABA","Tact  A",0
"2748","Sub009","df4","ABA","Tact  A",0
"2749","Sub009","df4","ABA","Tact  A",0
"2750","Sub009","df4","ABA","Tact  A",0
"2751","Sub009","df4","ABA","Tact  A",1
"2752","Sub009","df4","ABA","Tact  A",0
"2753","Sub009","df4","ABA","Tact  A",1
"2754","Sub009","df4","ABA","Tact  A",0
"2755","Sub009","df4","ABA","Tact  A",0
"2756","Sub009","df4","ABA","Tact  A",0
"2757","Sub009","df4","ABA","Tact  A",1
"2758","Sub009","df4","ABA","Tact  A",1
"2759","Sub009","df4","ABA","Tact  A",1
"2760","Sub009","df4","ABA","Tact  A",1
"2761","Sub009","df4","ABA","TactABA",0
"2762","Sub009","df4","ABA","TactABA",0
"2763","Sub009","df4","ABA","TactABA",0
"2764","Sub009","df4","ABA","TactABA",0
"2765","Sub009","df4","ABA","TactABA",0
"2766","Sub009","df4","ABA","TactABA",0
"2767","Sub009","df4","ABA","TactABA",0
"2768","Sub009","df4","ABA","TactABA",0
"2769","Sub009","df4","ABA","TactABA",0
"2770","Sub009","df4","ABA","TactABA",0
"2771","Sub009","df4","ABA","TactABA",1
"2772","Sub009","df4","ABA","TactABA",1
"2773","Sub009","df4","ABA","TactABA",0
"2774","Sub009","df4","ABA","TactABA",0
"2775","Sub009","df4","ABA","TactABA",0
"2776","Sub009","df4","ABA","TactABA",1
"2777","Sub009","df4","ABA","TactABA",0
"2778","Sub009","df4","ABA","TactABA",1
"2779","Sub009","df4","ABA","TactABA",0
"2780","Sub009","df4","ABA","TactABA",1
"2781","Sub009","df4","ABA","TactABA",0
"2782","Sub009","df4","ABA","TactABA",0
"2783","Sub009","df4","ABA","TactABA",0
"2784","Sub009","df4","ABA","TactABA",0
"2785","Sub009","df4","ABA","TactABA",0
"2786","Sub009","df4","ABA","TactABA",0
"2787","Sub009","df4","ABA","TactABA",0
"2788","Sub009","df4","ABA","TactABA",0
"2789","Sub009","df4","ABA","TactABA",0
"2790","Sub009","df4","ABA","TactABA",0
"2791","Sub009","df4","ABA","TactABA",0
"2792","Sub009","df4","ABA","TactABA",1
"2793","Sub009","df4","ABA","TactABA",0
"2794","Sub009","df4","ABA","TactABA",0
"2795","Sub009","df4","ABA","TactABA",1
"2796","Sub009","df4","ABA","TactABA",1
"2797","Sub009","df4","ABA","TactABA",1
"2798","Sub009","df4","ABA","TactABA",1
"2799","Sub009","df4","ABA","TactABA",1
"2800","Sub009","df4","ABA","TactABA",1
"2801","Sub009","df4","ABA","TactOff",0
"2802","Sub009","df4","ABA","TactOff",0
"2803","Sub009","df4","ABA","TactOff",0
"2804","Sub009","df4","ABA","TactOff",0
"2805","Sub009","df4","ABA","TactOff",0
"2806","Sub009","df4","ABA","TactOff",0
"2807","Sub009","df4","ABA","TactOff",0
"2808","Sub009","df4","ABA","TactOff",0
"2809","Sub009","df4","ABA","TactOff",0
"2810","Sub009","df4","ABA","TactOff",0
"2811","Sub009","df4","ABA","TactOff",1
"2812","Sub009","df4","ABA","TactOff",1
"2813","Sub009","df4","ABA","TactOff",0
"2814","Sub009","df4","ABA","TactOff",0
"2815","Sub009","df4","ABA","TactOff",0
"2816","Sub009","df4","ABA","TactOff",0
"2817","Sub009","df4","ABA","TactOff",1
"2818","Sub009","df4","ABA","TactOff",1
"2819","Sub009","df4","ABA","TactOff",1
"2820","Sub009","df4","ABA","TactOff",1
"2821","Sub009","df4","ABA","TactOff",0
"2822","Sub009","df4","ABA","TactOff",0
"2823","Sub009","df4","ABA","TactOff",0
"2824","Sub009","df4","ABA","TactOff",0
"2825","Sub009","df4","ABA","TactOff",0
"2826","Sub009","df4","ABA","TactOff",0
"2827","Sub009","df4","ABA","TactOff",0
"2828","Sub009","df4","ABA","TactOff",0
"2829","Sub009","df4","ABA","TactOff",0
"2830","Sub009","df4","ABA","TactOff",0
"2831","Sub009","df4","ABA","TactOff",1
"2832","Sub009","df4","ABA","TactOff",1
"2833","Sub009","df4","ABA","TactOff",0
"2834","Sub009","df4","ABA","TactOff",0
"2835","Sub009","df4","ABA","TactOff",0
"2836","Sub009","df4","ABA","TactOff",0
"2837","Sub009","df4","ABA","TactOff",1
"2838","Sub009","df4","ABA","TactOff",1
"2839","Sub009","df4","ABA","TactOff",1
"2840","Sub009","df4","ABA","TactOff",1
"2841","Sub009","df4","ABA","Tact B ",0
"2842","Sub009","df4","ABA","Tact B ",0
"2843","Sub009","df4","ABA","Tact B ",0
"2844","Sub009","df4","ABA","Tact B ",0
"2845","Sub009","df4","ABA","Tact B ",0
"2846","Sub009","df4","ABA","Tact B ",0
"2847","Sub009","df4","ABA","Tact B ",0
"2848","Sub009","df4","ABA","Tact B ",0
"2849","Sub009","df4","ABA","Tact B ",0
"2850","Sub009","df4","ABA","Tact B ",0
"2851","Sub009","df4","ABA","Tact B ",1
"2852","Sub009","df4","ABA","Tact B ",1
"2853","Sub009","df4","ABA","Tact B ",0
"2854","Sub009","df4","ABA","Tact B ",1
"2855","Sub009","df4","ABA","Tact B ",0
"2856","Sub009","df4","ABA","Tact B ",0
"2857","Sub009","df4","ABA","Tact B ",1
"2858","Sub009","df4","ABA","Tact B ",1
"2859","Sub009","df4","ABA","Tact B ",0
"2860","Sub009","df4","ABA","Tact B ",1
"2861","Sub009","df4","ABA","Tact B ",0
"2862","Sub009","df4","ABA","Tact B ",0
"2863","Sub009","df4","ABA","Tact B ",0
"2864","Sub009","df4","ABA","Tact B ",0
"2865","Sub009","df4","ABA","Tact B ",0
"2866","Sub009","df4","ABA","Tact B ",0
"2867","Sub009","df4","ABA","Tact B ",0
"2868","Sub009","df4","ABA","Tact B ",0
"2869","Sub009","df4","ABA","Tact B ",0
"2870","Sub009","df4","ABA","Tact B ",1
"2871","Sub009","df4","ABA","Tact B ",1
"2872","Sub009","df4","ABA","Tact B ",1
"2873","Sub009","df4","ABA","Tact B ",0
"2874","Sub009","df4","ABA","Tact B ",0
"2875","Sub009","df4","ABA","Tact B ",0
"2876","Sub009","df4","ABA","Tact B ",1
"2877","Sub009","df4","ABA","Tact B ",1
"2878","Sub009","df4","ABA","Tact B ",1
"2879","Sub009","df4","ABA","Tact B ",0
"2880","Sub009","df4","ABA","Tact B ",1
"2881","Sub010","df4","ABA","Tact  A",1
"2882","Sub010","df4","ABA","Tact  A",1
"2883","Sub010","df4","ABA","Tact  A",1
"2884","Sub010","df4","ABA","Tact  A",0
"2885","Sub010","df4","ABA","Tact  A",1
"2886","Sub010","df4","ABA","Tact  A",1
"2887","Sub010","df4","ABA","Tact  A",0
"2888","Sub010","df4","ABA","Tact  A",0
"2889","Sub010","df4","ABA","Tact  A",1
"2890","Sub010","df4","ABA","Tact  A",0
"2891","Sub010","df4","ABA","Tact  A",0
"2892","Sub010","df4","ABA","Tact  A",0
"2893","Sub010","df4","ABA","Tact  A",1
"2894","Sub010","df4","ABA","Tact  A",1
"2895","Sub010","df4","ABA","Tact  A",1
"2896","Sub010","df4","ABA","Tact  A",1
"2897","Sub010","df4","ABA","Tact  A",1
"2898","Sub010","df4","ABA","Tact  A",1
"2899","Sub010","df4","ABA","Tact  A",1
"2900","Sub010","df4","ABA","Tact  A",1
"2901","Sub010","df4","ABA","Tact  A",0
"2902","Sub010","df4","ABA","Tact  A",0
"2903","Sub010","df4","ABA","Tact  A",0
"2904","Sub010","df4","ABA","Tact  A",0
"2905","Sub010","df4","ABA","Tact  A",0
"2906","Sub010","df4","ABA","Tact  A",0
"2907","Sub010","df4","ABA","Tact  A",1
"2908","Sub010","df4","ABA","Tact  A",1
"2909","Sub010","df4","ABA","Tact  A",1
"2910","Sub010","df4","ABA","Tact  A",1
"2911","Sub010","df4","ABA","Tact  A",1
"2912","Sub010","df4","ABA","Tact  A",0
"2913","Sub010","df4","ABA","Tact  A",0
"2914","Sub010","df4","ABA","Tact  A",0
"2915","Sub010","df4","ABA","Tact  A",0
"2916","Sub010","df4","ABA","Tact  A",0
"2917","Sub010","df4","ABA","Tact  A",0
"2918","Sub010","df4","ABA","Tact  A",0
"2919","Sub010","df4","ABA","Tact  A",1
"2920","Sub010","df4","ABA","Tact  A",0
"2921","Sub010","df4","ABA","TactABA",0
"2922","Sub010","df4","ABA","TactABA",1
"2923","Sub010","df4","ABA","TactABA",1
"2924","Sub010","df4","ABA","TactABA",0
"2925","Sub010","df4","ABA","TactABA",1
"2926","Sub010","df4","ABA","TactABA",0
"2927","Sub010","df4","ABA","TactABA",1
"2928","Sub010","df4","ABA","TactABA",0
"2929","Sub010","df4","ABA","TactABA",0
"2930","Sub010","df4","ABA","TactABA",0
"2931","Sub010","df4","ABA","TactABA",1
"2932","Sub010","df4","ABA","TactABA",0
"2933","Sub010","df4","ABA","TactABA",0
"2934","Sub010","df4","ABA","TactABA",1
"2935","Sub010","df4","ABA","TactABA",0
"2936","Sub010","df4","ABA","TactABA",1
"2937","Sub010","df4","ABA","TactABA",0
"2938","Sub010","df4","ABA","TactABA",1
"2939","Sub010","df4","ABA","TactABA",0
"2940","Sub010","df4","ABA","TactABA",0
"2941","Sub010","df4","ABA","TactABA",1
"2942","Sub010","df4","ABA","TactABA",1
"2943","Sub010","df4","ABA","TactABA",0
"2944","Sub010","df4","ABA","TactABA",1
"2945","Sub010","df4","ABA","TactABA",0
"2946","Sub010","df4","ABA","TactABA",0
"2947","Sub010","df4","ABA","TactABA",0
"2948","Sub010","df4","ABA","TactABA",1
"2949","Sub010","df4","ABA","TactABA",0
"2950","Sub010","df4","ABA","TactABA",0
"2951","Sub010","df4","ABA","TactABA",1
"2952","Sub010","df4","ABA","TactABA",0
"2953","Sub010","df4","ABA","TactABA",1
"2954","Sub010","df4","ABA","TactABA",0
"2955","Sub010","df4","ABA","TactABA",0
"2956","Sub010","df4","ABA","TactABA",0
"2957","Sub010","df4","ABA","TactABA",1
"2958","Sub010","df4","ABA","TactABA",1
"2959","Sub010","df4","ABA","TactABA",1
"2960","Sub010","df4","ABA","TactABA",0
"2961","Sub010","df4","ABA","TactOff",1
"2962","Sub010","df4","ABA","TactOff",0
"2963","Sub010","df4","ABA","TactOff",1
"2964","Sub010","df4","ABA","TactOff",1
"2965","Sub010","df4","ABA","TactOff",1
"2966","Sub010","df4","ABA","TactOff",1
"2967","Sub010","df4","ABA","TactOff",0
"2968","Sub010","df4","ABA","TactOff",0
"2969","Sub010","df4","ABA","TactOff",1
"2970","Sub010","df4","ABA","TactOff",1
"2971","Sub010","df4","ABA","TactOff",0
"2972","Sub010","df4","ABA","TactOff",0
"2973","Sub010","df4","ABA","TactOff",0
"2974","Sub010","df4","ABA","TactOff",1
"2975","Sub010","df4","ABA","TactOff",0
"2976","Sub010","df4","ABA","TactOff",0
"2977","Sub010","df4","ABA","TactOff",1
"2978","Sub010","df4","ABA","TactOff",0
"2979","Sub010","df4","ABA","TactOff",1
"2980","Sub010","df4","ABA","TactOff",0
"2981","Sub010","df4","ABA","TactOff",1
"2982","Sub010","df4","ABA","TactOff",0
"2983","Sub010","df4","ABA","TactOff",1
"2984","Sub010","df4","ABA","TactOff",1
"2985","Sub010","df4","ABA","TactOff",1
"2986","Sub010","df4","ABA","TactOff",1
"2987","Sub010","df4","ABA","TactOff",0
"2988","Sub010","df4","ABA","TactOff",0
"2989","Sub010","df4","ABA","TactOff",1
"2990","Sub010","df4","ABA","TactOff",1
"2991","Sub010","df4","ABA","TactOff",0
"2992","Sub010","df4","ABA","TactOff",0
"2993","Sub010","df4","ABA","TactOff",0
"2994","Sub010","df4","ABA","TactOff",1
"2995","Sub010","df4","ABA","TactOff",0
"2996","Sub010","df4","ABA","TactOff",0
"2997","Sub010","df4","ABA","TactOff",1
"2998","Sub010","df4","ABA","TactOff",0
"2999","Sub010","df4","ABA","TactOff",1
"3000","Sub010","df4","ABA","TactOff",0
"3001","Sub010","df4","ABA","Tact B ",0
"3002","Sub010","df4","ABA","Tact B ",1
"3003","Sub010","df4","ABA","Tact B ",1
"3004","Sub010","df4","ABA","Tact B ",0
"3005","Sub010","df4","ABA","Tact B ",0
"3006","Sub010","df4","ABA","Tact B ",1
"3007","Sub010","df4","ABA","Tact B ",1
"3008","Sub010","df4","ABA","Tact B ",0
"3009","Sub010","df4","ABA","Tact B ",0
"3010","Sub010","df4","ABA","Tact B ",1
"3011","Sub010","df4","ABA","Tact B ",1
"3012","Sub010","df4","ABA","Tact B ",1
"3013","Sub010","df4","ABA","Tact B ",0
"3014","Sub010","df4","ABA","Tact B ",1
"3015","Sub010","df4","ABA","Tact B ",0
"3016","Sub010","df4","ABA","Tact B ",1
"3017","Sub010","df4","ABA","Tact B ",1
"3018","Sub010","df4","ABA","Tact B ",1
"3019","Sub010","df4","ABA","Tact B ",1
"3020","Sub010","df4","ABA","Tact B ",1
"3021","Sub010","df4","ABA","Tact B ",1
"3022","Sub010","df4","ABA","Tact B ",0
"3023","Sub010","df4","ABA","Tact B ",1
"3024","Sub010","df4","ABA","Tact B ",1
"3025","Sub010","df4","ABA","Tact B ",0
"3026","Sub010","df4","ABA","Tact B ",1
"3027","Sub010","df4","ABA","Tact B ",0
"3028","Sub010","df4","ABA","Tact B ",1
"3029","Sub010","df4","ABA","Tact B ",1
"3030","Sub010","df4","ABA","Tact B ",1
"3031","Sub010","df4","ABA","Tact B ",1
"3032","Sub010","df4","ABA","Tact B ",0
"3033","Sub010","df4","ABA","Tact B ",1
"3034","Sub010","df4","ABA","Tact B ",0
"3035","Sub010","df4","ABA","Tact B ",1
"3036","Sub010","df4","ABA","Tact B ",1
"3037","Sub010","df4","ABA","Tact B ",1
"3038","Sub010","df4","ABA","Tact B ",0
"3039","Sub010","df4","ABA","Tact B ",0
"3040","Sub010","df4","ABA","Tact B ",0
"3361","Sub011","df4","ABA","Tact  A",0
"3362","Sub011","df4","ABA","Tact  A",0
"3363","Sub011","df4","ABA","Tact  A",1
"3364","Sub011","df4","ABA","Tact  A",1
"3365","Sub011","df4","ABA","Tact  A",1
"3366","Sub011","df4","ABA","Tact  A",1
"3367","Sub011","df4","ABA","Tact  A",1
"3368","Sub011","df4","ABA","Tact  A",0
"3369","Sub011","df4","ABA","Tact  A",0
"3370","Sub011","df4","ABA","Tact  A",0
"3371","Sub011","df4","ABA","Tact  A",1
"3372","Sub011","df4","ABA","Tact  A",1
"3373","Sub011","df4","ABA","Tact  A",1
"3374","Sub011","df4","ABA","Tact  A",1
"3375","Sub011","df4","ABA","Tact  A",1
"3376","Sub011","df4","ABA","Tact  A",1
"3377","Sub011","df4","ABA","Tact  A",1
"3378","Sub011","df4","ABA","Tact  A",1
"3379","Sub011","df4","ABA","Tact  A",1
"3380","Sub011","df4","ABA","Tact  A",1
"3381","Sub011","df4","ABA","Tact  A",0
"3382","Sub011","df4","ABA","Tact  A",0
"3383","Sub011","df4","ABA","Tact  A",1
"3384","Sub011","df4","ABA","Tact  A",0
"3385","Sub011","df4","ABA","Tact  A",1
"3386","Sub011","df4","ABA","Tact  A",0
"3387","Sub011","df4","ABA","Tact  A",1
"3388","Sub011","df4","ABA","Tact  A",1
"3389","Sub011","df4","ABA","Tact  A",1
"3390","Sub011","df4","ABA","Tact  A",0
"3391","Sub011","df4","ABA","Tact  A",1
"3392","Sub011","df4","ABA","Tact  A",0
"3393","Sub011","df4","ABA","Tact  A",1
"3394","Sub011","df4","ABA","Tact  A",1
"3395","Sub011","df4","ABA","Tact  A",1
"3396","Sub011","df4","ABA","Tact  A",1
"3397","Sub011","df4","ABA","Tact  A",1
"3398","Sub011","df4","ABA","Tact  A",1
"3399","Sub011","df4","ABA","Tact  A",1
"3400","Sub011","df4","ABA","Tact  A",1
"3401","Sub011","df4","ABA","TactABA",0
"3402","Sub011","df4","ABA","TactABA",1
"3403","Sub011","df4","ABA","TactABA",0
"3404","Sub011","df4","ABA","TactABA",0
"3405","Sub011","df4","ABA","TactABA",0
"3406","Sub011","df4","ABA","TactABA",1
"3407","Sub011","df4","ABA","TactABA",0
"3408","Sub011","df4","ABA","TactABA",1
"3409","Sub011","df4","ABA","TactABA",0
"3410","Sub011","df4","ABA","TactABA",0
"3411","Sub011","df4","ABA","TactABA",1
"3412","Sub011","df4","ABA","TactABA",0
"3413","Sub011","df4","ABA","TactABA",1
"3414","Sub011","df4","ABA","TactABA",0
"3415","Sub011","df4","ABA","TactABA",0
"3416","Sub011","df4","ABA","TactABA",1
"3417","Sub011","df4","ABA","TactABA",1
"3418","Sub011","df4","ABA","TactABA",0
"3419","Sub011","df4","ABA","TactABA",0
"3420","Sub011","df4","ABA","TactABA",0
"3421","Sub011","df4","ABA","TactABA",0
"3422","Sub011","df4","ABA","TactABA",1
"3423","Sub011","df4","ABA","TactABA",1
"3424","Sub011","df4","ABA","TactABA",0
"3425","Sub011","df4","ABA","TactABA",0
"3426","Sub011","df4","ABA","TactABA",0
"3427","Sub011","df4","ABA","TactABA",0
"3428","Sub011","df4","ABA","TactABA",1
"3429","Sub011","df4","ABA","TactABA",0
"3430","Sub011","df4","ABA","TactABA",1
"3431","Sub011","df4","ABA","TactABA",0
"3432","Sub011","df4","ABA","TactABA",0
"3433","Sub011","df4","ABA","TactABA",0
"3434","Sub011","df4","ABA","TactABA",1
"3435","Sub011","df4","ABA","TactABA",0
"3436","Sub011","df4","ABA","TactABA",0
"3437","Sub011","df4","ABA","TactABA",0
"3438","Sub011","df4","ABA","TactABA",0
"3439","Sub011","df4","ABA","TactABA",0
"3440","Sub011","df4","ABA","TactABA",0
"3441","Sub011","df4","ABA","TactOff",1
"3442","Sub011","df4","ABA","TactOff",0
"3443","Sub011","df4","ABA","TactOff",1
"3444","Sub011","df4","ABA","TactOff",1
"3445","Sub011","df4","ABA","TactOff",1
"3446","Sub011","df4","ABA","TactOff",1
"3447","Sub011","df4","ABA","TactOff",1
"3448","Sub011","df4","ABA","TactOff",0
"3449","Sub011","df4","ABA","TactOff",1
"3450","Sub011","df4","ABA","TactOff",1
"3451","Sub011","df4","ABA","TactOff",0
"3452","Sub011","df4","ABA","TactOff",1
"3453","Sub011","df4","ABA","TactOff",1
"3454","Sub011","df4","ABA","TactOff",1
"3455","Sub011","df4","ABA","TactOff",1
"3456","Sub011","df4","ABA","TactOff",1
"3457","Sub011","df4","ABA","TactOff",0
"3458","Sub011","df4","ABA","TactOff",1
"3459","Sub011","df4","ABA","TactOff",1
"3460","Sub011","df4","ABA","TactOff",1
"3461","Sub011","df4","ABA","TactOff",1
"3462","Sub011","df4","ABA","TactOff",0
"3463","Sub011","df4","ABA","TactOff",1
"3464","Sub011","df4","ABA","TactOff",1
"3465","Sub011","df4","ABA","TactOff",1
"3466","Sub011","df4","ABA","TactOff",1
"3467","Sub011","df4","ABA","TactOff",1
"3468","Sub011","df4","ABA","TactOff",0
"3469","Sub011","df4","ABA","TactOff",1
"3470","Sub011","df4","ABA","TactOff",1
"3471","Sub011","df4","ABA","TactOff",0
"3472","Sub011","df4","ABA","TactOff",1
"3473","Sub011","df4","ABA","TactOff",1
"3474","Sub011","df4","ABA","TactOff",1
"3475","Sub011","df4","ABA","TactOff",1
"3476","Sub011","df4","ABA","TactOff",1
"3477","Sub011","df4","ABA","TactOff",0
"3478","Sub011","df4","ABA","TactOff",1
"3479","Sub011","df4","ABA","TactOff",1
"3480","Sub011","df4","ABA","TactOff",1
"3481","Sub011","df4","ABA","Tact B ",0
"3482","Sub011","df4","ABA","Tact B ",1
"3483","Sub011","df4","ABA","Tact B ",1
"3484","Sub011","df4","ABA","Tact B ",1
"3485","Sub011","df4","ABA","Tact B ",1
"3486","Sub011","df4","ABA","Tact B ",0
"3487","Sub011","df4","ABA","Tact B ",0
"3488","Sub011","df4","ABA","Tact B ",1
"3489","Sub011","df4","ABA","Tact B ",1
"3490","Sub011","df4","ABA","Tact B ",1
"3491","Sub011","df4","ABA","Tact B ",0
"3492","Sub011","df4","ABA","Tact B ",1
"3493","Sub011","df4","ABA","Tact B ",1
"3494","Sub011","df4","ABA","Tact B ",1
"3495","Sub011","df4","ABA","Tact B ",1
"3496","Sub011","df4","ABA","Tact B ",0
"3497","Sub011","df4","ABA","Tact B ",0
"3498","Sub011","df4","ABA","Tact B ",1
"3499","Sub011","df4","ABA","Tact B ",0
"3500","Sub011","df4","ABA","Tact B ",1
"3501","Sub011","df4","ABA","Tact B ",0
"3502","Sub011","df4","ABA","Tact B ",1
"3503","Sub011","df4","ABA","Tact B ",1
"3504","Sub011","df4","ABA","Tact B ",1
"3505","Sub011","df4","ABA","Tact B ",1
"3506","Sub011","df4","ABA","Tact B ",1
"3507","Sub011","df4","ABA","Tact B ",1
"3508","Sub011","df4","ABA","Tact B ",0
"3509","Sub011","df4","ABA","Tact B ",1
"3510","Sub011","df4","ABA","Tact B ",1
"3511","Sub011","df4","ABA","Tact B ",1
"3512","Sub011","df4","ABA","Tact B ",0
"3513","Sub011","df4","ABA","Tact B ",1
"3514","Sub011","df4","ABA","Tact B ",1
"3515","Sub011","df4","ABA","Tact B ",1
"3516","Sub011","df4","ABA","Tact B ",0
"3517","Sub011","df4","ABA","Tact B ",1
"3518","Sub011","df4","ABA","Tact B ",1
"3519","Sub011","df4","ABA","Tact B ",0
"3520","Sub011","df4","ABA","Tact B ",0
"3521","Sub012","df4","ABA","Tact  A",0
"3522","Sub012","df4","ABA","Tact  A",0
"3523","Sub012","df4","ABA","Tact  A",1
"3524","Sub012","df4","ABA","Tact  A",1
"3525","Sub012","df4","ABA","Tact  A",1
"3526","Sub012","df4","ABA","Tact  A",0
"3527","Sub012","df4","ABA","Tact  A",0
"3528","Sub012","df4","ABA","Tact  A",0
"3529","Sub012","df4","ABA","Tact  A",1
"3530","Sub012","df4","ABA","Tact  A",0
"3531","Sub012","df4","ABA","Tact  A",1
"3532","Sub012","df4","ABA","Tact  A",0
"3533","Sub012","df4","ABA","Tact  A",0
"3534","Sub012","df4","ABA","Tact  A",0
"3535","Sub012","df4","ABA","Tact  A",1
"3536","Sub012","df4","ABA","Tact  A",1
"3537","Sub012","df4","ABA","Tact  A",1
"3538","Sub012","df4","ABA","Tact  A",1
"3539","Sub012","df4","ABA","Tact  A",1
"3540","Sub012","df4","ABA","Tact  A",1
"3541","Sub012","df4","ABA","Tact  A",0
"3542","Sub012","df4","ABA","Tact  A",0
"3543","Sub012","df4","ABA","Tact  A",1
"3544","Sub012","df4","ABA","Tact  A",1
"3545","Sub012","df4","ABA","Tact  A",1
"3546","Sub012","df4","ABA","Tact  A",1
"3547","Sub012","df4","ABA","Tact  A",1
"3548","Sub012","df4","ABA","Tact  A",0
"3549","Sub012","df4","ABA","Tact  A",0
"3550","Sub012","df4","ABA","Tact  A",0
"3551","Sub012","df4","ABA","Tact  A",1
"3552","Sub012","df4","ABA","Tact  A",0
"3553","Sub012","df4","ABA","Tact  A",0
"3554","Sub012","df4","ABA","Tact  A",1
"3555","Sub012","df4","ABA","Tact  A",1
"3556","Sub012","df4","ABA","Tact  A",1
"3557","Sub012","df4","ABA","Tact  A",1
"3558","Sub012","df4","ABA","Tact  A",1
"3559","Sub012","df4","ABA","Tact  A",1
"3560","Sub012","df4","ABA","Tact  A",1
"3561","Sub012","df4","ABA","TactABA",0
"3562","Sub012","df4","ABA","TactABA",0
"3563","Sub012","df4","ABA","TactABA",1
"3564","Sub012","df4","ABA","TactABA",1
"3565","Sub012","df4","ABA","TactABA",1
"3566","Sub012","df4","ABA","TactABA",1
"3567","Sub012","df4","ABA","TactABA",0
"3568","Sub012","df4","ABA","TactABA",0
"3569","Sub012","df4","ABA","TactABA",0
"3570","Sub012","df4","ABA","TactABA",1
"3571","Sub012","df4","ABA","TactABA",1
"3572","Sub012","df4","ABA","TactABA",0
"3573","Sub012","df4","ABA","TactABA",0
"3574","Sub012","df4","ABA","TactABA",1
"3575","Sub012","df4","ABA","TactABA",0
"3576","Sub012","df4","ABA","TactABA",0
"3577","Sub012","df4","ABA","TactABA",1
"3578","Sub012","df4","ABA","TactABA",1
"3579","Sub012","df4","ABA","TactABA",1
"3580","Sub012","df4","ABA","TactABA",0
"3581","Sub012","df4","ABA","TactABA",1
"3582","Sub012","df4","ABA","TactABA",0
"3583","Sub012","df4","ABA","TactABA",1
"3584","Sub012","df4","ABA","TactABA",1
"3585","Sub012","df4","ABA","TactABA",1
"3586","Sub012","df4","ABA","TactABA",1
"3587","Sub012","df4","ABA","TactABA",1
"3588","Sub012","df4","ABA","TactABA",0
"3589","Sub012","df4","ABA","TactABA",0
"3590","Sub012","df4","ABA","TactABA",0
"3591","Sub012","df4","ABA","TactABA",0
"3592","Sub012","df4","ABA","TactABA",0
"3593","Sub012","df4","ABA","TactABA",0
"3594","Sub012","df4","ABA","TactABA",0
"3595","Sub012","df4","ABA","TactABA",0
"3596","Sub012","df4","ABA","TactABA",0
"3597","Sub012","df4","ABA","TactABA",0
"3598","Sub012","df4","ABA","TactABA",1
"3599","Sub012","df4","ABA","TactABA",0
"3600","Sub012","df4","ABA","TactABA",0
"3601","Sub012","df4","ABA","TactOff",0
"3602","Sub012","df4","ABA","TactOff",0
"3603","Sub012","df4","ABA","TactOff",1
"3604","Sub012","df4","ABA","TactOff",1
"3605","Sub012","df4","ABA","TactOff",1
"3606","Sub012","df4","ABA","TactOff",1
"3607","Sub012","df4","ABA","TactOff",0
"3608","Sub012","df4","ABA","TactOff",1
"3609","Sub012","df4","ABA","TactOff",0
"3610","Sub012","df4","ABA","TactOff",1
"3611","Sub012","df4","ABA","TactOff",1
"3612","Sub012","df4","ABA","TactOff",1
"3613","Sub012","df4","ABA","TactOff",0
"3614","Sub012","df4","ABA","TactOff",0
"3615","Sub012","df4","ABA","TactOff",1
"3616","Sub012","df4","ABA","TactOff",0
"3617","Sub012","df4","ABA","TactOff",1
"3618","Sub012","df4","ABA","TactOff",1
"3619","Sub012","df4","ABA","TactOff",0
"3620","Sub012","df4","ABA","TactOff",0
"3621","Sub012","df4","ABA","TactOff",0
"3622","Sub012","df4","ABA","TactOff",0
"3623","Sub012","df4","ABA","TactOff",1
"3624","Sub012","df4","ABA","TactOff",1
"3625","Sub012","df4","ABA","TactOff",1
"3626","Sub012","df4","ABA","TactOff",1
"3627","Sub012","df4","ABA","TactOff",0
"3628","Sub012","df4","ABA","TactOff",1
"3629","Sub012","df4","ABA","TactOff",0
"3630","Sub012","df4","ABA","TactOff",1
"3631","Sub012","df4","ABA","TactOff",1
"3632","Sub012","df4","ABA","TactOff",1
"3633","Sub012","df4","ABA","TactOff",0
"3634","Sub012","df4","ABA","TactOff",0
"3635","Sub012","df4","ABA","TactOff",1
"3636","Sub012","df4","ABA","TactOff",0
"3637","Sub012","df4","ABA","TactOff",1
"3638","Sub012","df4","ABA","TactOff",1
"3639","Sub012","df4","ABA","TactOff",0
"3640","Sub012","df4","ABA","TactOff",0
"3641","Sub012","df4","ABA","Tact B ",0
"3642","Sub012","df4","ABA","Tact B ",1
"3643","Sub012","df4","ABA","Tact B ",1
"3644","Sub012","df4","ABA","Tact B ",1
"3645","Sub012","df4","ABA","Tact B ",1
"3646","Sub012","df4","ABA","Tact B ",1
"3647","Sub012","df4","ABA","Tact B ",0
"3648","Sub012","df4","ABA","Tact B ",0
"3649","Sub012","df4","ABA","Tact B ",0
"3650","Sub012","df4","ABA","Tact B ",0
"3651","Sub012","df4","ABA","Tact B ",0
"3652","Sub012","df4","ABA","Tact B ",1
"3653","Sub012","df4","ABA","Tact B ",0
"3654","Sub012","df4","ABA","Tact B ",0
"3655","Sub012","df4","ABA","Tact B ",1
"3656","Sub012","df4","ABA","Tact B ",0
"3657","Sub012","df4","ABA","Tact B ",1
"3658","Sub012","df4","ABA","Tact B ",1
"3659","Sub012","df4","ABA","Tact B ",0
"3660","Sub012","df4","ABA","Tact B ",0
"3661","Sub012","df4","ABA","Tact B ",1
"3662","Sub012","df4","ABA","Tact B ",0
"3663","Sub012","df4","ABA","Tact B ",1
"3664","Sub012","df4","ABA","Tact B ",1
"3665","Sub012","df4","ABA","Tact B ",1
"3666","Sub012","df4","ABA","Tact B ",1
"3667","Sub012","df4","ABA","Tact B ",1
"3668","Sub012","df4","ABA","Tact B ",0
"3669","Sub012","df4","ABA","Tact B ",0
"3670","Sub012","df4","ABA","Tact B ",1
"3671","Sub012","df4","ABA","Tact B ",0
"3672","Sub012","df4","ABA","Tact B ",1
"3673","Sub012","df4","ABA","Tact B ",1
"3674","Sub012","df4","ABA","Tact B ",0
"3675","Sub012","df4","ABA","Tact B ",0
"3676","Sub012","df4","ABA","Tact B ",1
"3677","Sub012","df4","ABA","Tact B ",1
"3678","Sub012","df4","ABA","Tact B ",1
"3679","Sub012","df4","ABA","Tact B ",1
"3680","Sub012","df4","ABA","Tact B ",1
